CREATE DATABASE  IF NOT EXISTS `grupocdv360` /*!40100 DEFAULT CHARACTER SET utf8mb4 COLLATE utf8mb4_0900_ai_ci */ /*!80016 DEFAULT ENCRYPTION='N' */;
USE `grupocdv360`;
-- MySQL dump 10.13  Distrib 8.0.21, for Win64 (x86_64)
--
-- Host: localhost    Database: grupocdv360
-- ------------------------------------------------------
-- Server version	8.0.21

/*!40101 SET @OLD_CHARACTER_SET_CLIENT=@@CHARACTER_SET_CLIENT */;
/*!40101 SET @OLD_CHARACTER_SET_RESULTS=@@CHARACTER_SET_RESULTS */;
/*!40101 SET @OLD_COLLATION_CONNECTION=@@COLLATION_CONNECTION */;
/*!50503 SET NAMES utf8 */;
/*!40103 SET @OLD_TIME_ZONE=@@TIME_ZONE */;
/*!40103 SET TIME_ZONE='+00:00' */;
/*!40014 SET @OLD_UNIQUE_CHECKS=@@UNIQUE_CHECKS, UNIQUE_CHECKS=0 */;
/*!40014 SET @OLD_FOREIGN_KEY_CHECKS=@@FOREIGN_KEY_CHECKS, FOREIGN_KEY_CHECKS=0 */;
/*!40101 SET @OLD_SQL_MODE=@@SQL_MODE, SQL_MODE='NO_AUTO_VALUE_ON_ZERO' */;
/*!40111 SET @OLD_SQL_NOTES=@@SQL_NOTES, SQL_NOTES=0 */;

--
-- Table structure for table `cargos`
--

DROP TABLE IF EXISTS `cargos`;
/*!40101 SET @saved_cs_client     = @@character_set_client */;
/*!50503 SET character_set_client = utf8mb4 */;
CREATE TABLE `cargos` (
  `id_cargo` int NOT NULL AUTO_INCREMENT,
  `nombre` varchar(45) NOT NULL,
  PRIMARY KEY (`id_cargo`),
  UNIQUE KEY `id_cargo_UNIQUE` (`id_cargo`)
) ENGINE=InnoDB AUTO_INCREMENT=2 DEFAULT CHARSET=utf8mb4 COLLATE=utf8mb4_0900_ai_ci;
/*!40101 SET character_set_client = @saved_cs_client */;

--
-- Dumping data for table `cargos`
--

LOCK TABLES `cargos` WRITE;
/*!40000 ALTER TABLE `cargos` DISABLE KEYS */;
INSERT INTO `cargos` VALUES (1,'Gerente General');
/*!40000 ALTER TABLE `cargos` ENABLE KEYS */;
UNLOCK TABLES;

--
-- Table structure for table `categorias`
--

DROP TABLE IF EXISTS `categorias`;
/*!40101 SET @saved_cs_client     = @@character_set_client */;
/*!50503 SET character_set_client = utf8mb4 */;
CREATE TABLE `categorias` (
  `id_categoria` int NOT NULL AUTO_INCREMENT,
  `nombre` varchar(45) NOT NULL,
  PRIMARY KEY (`id_categoria`),
  UNIQUE KEY `id_categoria_UNIQUE` (`id_categoria`)
) ENGINE=InnoDB AUTO_INCREMENT=7 DEFAULT CHARSET=utf8mb4 COLLATE=utf8mb4_0900_ai_ci;
/*!40101 SET character_set_client = @saved_cs_client */;

--
-- Dumping data for table `categorias`
--

LOCK TABLES `categorias` WRITE;
/*!40000 ALTER TABLE `categorias` DISABLE KEYS */;
INSERT INTO `categorias` VALUES (1,'Herramienta'),(2,'Repuesto'),(3,'Producto'),(4,'Equipo'),(5,'Consumible'),(6,'Mobiliario');
/*!40000 ALTER TABLE `categorias` ENABLE KEYS */;
UNLOCK TABLES;

--
-- Table structure for table `egresos`
--

DROP TABLE IF EXISTS `egresos`;
/*!40101 SET @saved_cs_client     = @@character_set_client */;
/*!50503 SET character_set_client = utf8mb4 */;
CREATE TABLE `egresos` (
  `id_egreso` int NOT NULL AUTO_INCREMENT,
  `id_item_egresado` int NOT NULL,
  `fecha` timestamp(6) NOT NULL,
  `cantidad` float NOT NULL,
  `cedula_responsable_egreso` int NOT NULL,
  `obra` varchar(45) DEFAULT NULL,
  PRIMARY KEY (`id_egreso`),
  UNIQUE KEY `id_egreso_UNIQUE` (`id_egreso`),
  KEY `id_item_idx` (`id_item_egresado`),
  KEY `cedula_responsable_idx` (`cedula_responsable_egreso`),
  CONSTRAINT `cedula_responsable_egreso` FOREIGN KEY (`cedula_responsable_egreso`) REFERENCES `empleados` (`cedula`),
  CONSTRAINT `id_item_egresado` FOREIGN KEY (`id_item_egresado`) REFERENCES `items` (`id_item`)
) ENGINE=InnoDB DEFAULT CHARSET=utf8mb4 COLLATE=utf8mb4_0900_ai_ci;
/*!40101 SET character_set_client = @saved_cs_client */;

--
-- Dumping data for table `egresos`
--

LOCK TABLES `egresos` WRITE;
/*!40000 ALTER TABLE `egresos` DISABLE KEYS */;
/*!40000 ALTER TABLE `egresos` ENABLE KEYS */;
UNLOCK TABLES;

--
-- Table structure for table `empleados`
--

DROP TABLE IF EXISTS `empleados`;
/*!40101 SET @saved_cs_client     = @@character_set_client */;
/*!50503 SET character_set_client = utf8mb4 */;
CREATE TABLE `empleados` (
  `cedula` int NOT NULL,
  `nombre` varchar(45) NOT NULL,
  `apellido` varchar(45) NOT NULL,
  `id_cargo` int NOT NULL,
  PRIMARY KEY (`cedula`),
  UNIQUE KEY `cedula_UNIQUE` (`cedula`),
  KEY `id_cargo_idx` (`id_cargo`),
  CONSTRAINT `id_cargo` FOREIGN KEY (`id_cargo`) REFERENCES `cargos` (`id_cargo`)
) ENGINE=InnoDB DEFAULT CHARSET=utf8mb4 COLLATE=utf8mb4_0900_ai_ci;
/*!40101 SET character_set_client = @saved_cs_client */;

--
-- Dumping data for table `empleados`
--

LOCK TABLES `empleados` WRITE;
/*!40000 ALTER TABLE `empleados` DISABLE KEYS */;
INSERT INTO `empleados` VALUES (10470050,'Juan','Salgado',1);
/*!40000 ALTER TABLE `empleados` ENABLE KEYS */;
UNLOCK TABLES;

--
-- Table structure for table `estados`
--

DROP TABLE IF EXISTS `estados`;
/*!40101 SET @saved_cs_client     = @@character_set_client */;
/*!50503 SET character_set_client = utf8mb4 */;
CREATE TABLE `estados` (
  `id_estados` int NOT NULL AUTO_INCREMENT,
  `nombre` varchar(45) NOT NULL,
  PRIMARY KEY (`id_estados`),
  UNIQUE KEY `id_estados_UNIQUE` (`id_estados`)
) ENGINE=InnoDB AUTO_INCREMENT=8 DEFAULT CHARSET=utf8mb4 COLLATE=utf8mb4_0900_ai_ci;
/*!40101 SET character_set_client = @saved_cs_client */;

--
-- Dumping data for table `estados`
--

LOCK TABLES `estados` WRITE;
/*!40000 ALTER TABLE `estados` DISABLE KEYS */;
INSERT INTO `estados` VALUES (1,'Disponible'),(2,'Limpieza'),(3,'Dañado'),(4,'Recargar'),(5,'Revisar'),(6,'Usado'),(7,'En Obra');
/*!40000 ALTER TABLE `estados` ENABLE KEYS */;
UNLOCK TABLES;

--
-- Table structure for table `ingresos`
--

DROP TABLE IF EXISTS `ingresos`;
/*!40101 SET @saved_cs_client     = @@character_set_client */;
/*!50503 SET character_set_client = utf8mb4 */;
CREATE TABLE `ingresos` (
  `id_ingreso` int NOT NULL AUTO_INCREMENT,
  `id_item_ingresado` int NOT NULL,
  `fecha` timestamp(6) NOT NULL,
  `cantidad` float NOT NULL,
  `cedula_responsable_ingreso` int DEFAULT NULL,
  `id_modalidad` int NOT NULL,
  PRIMARY KEY (`id_ingreso`),
  UNIQUE KEY `id_ingreso_UNIQUE` (`id_ingreso`),
  KEY `id_item_ingresado_idx` (`id_item_ingresado`),
  KEY `cedula_responsable_ingreso_idx` (`cedula_responsable_ingreso`),
  KEY `id_modalidad_idx` (`id_modalidad`),
  CONSTRAINT `cedula_responsable_ingreso` FOREIGN KEY (`cedula_responsable_ingreso`) REFERENCES `empleados` (`cedula`),
  CONSTRAINT `id_item_ingresado` FOREIGN KEY (`id_item_ingresado`) REFERENCES `items` (`id_item`),
  CONSTRAINT `id_modalidad` FOREIGN KEY (`id_modalidad`) REFERENCES `modalidad_ingreso` (`id_modalidad`)
) ENGINE=InnoDB DEFAULT CHARSET=utf8mb4 COLLATE=utf8mb4_0900_ai_ci;
/*!40101 SET character_set_client = @saved_cs_client */;

--
-- Dumping data for table `ingresos`
--

LOCK TABLES `ingresos` WRITE;
/*!40000 ALTER TABLE `ingresos` DISABLE KEYS */;
/*!40000 ALTER TABLE `ingresos` ENABLE KEYS */;
UNLOCK TABLES;

--
-- Table structure for table `items`
--

DROP TABLE IF EXISTS `items`;
/*!40101 SET @saved_cs_client     = @@character_set_client */;
/*!50503 SET character_set_client = utf8mb4 */;
CREATE TABLE `items` (
  `id_item` int NOT NULL AUTO_INCREMENT,
  `nombre` varchar(100) NOT NULL,
  `id_categoria` int NOT NULL,
  `id_subcategoria` int DEFAULT NULL,
  `cantidad` float NOT NULL,
  `id_unidad` int DEFAULT NULL,
  `id_ubicacion` int DEFAULT NULL,
  `id_estado` int NOT NULL,
  `vencimiento` date DEFAULT NULL,
  `serial` varchar(45) DEFAULT NULL,
  `precio` float DEFAULT NULL,
  `descripcion` text,
  PRIMARY KEY (`id_item`),
  UNIQUE KEY `id_item_UNIQUE` (`id_item`),
  KEY `id_categoria_idx` (`id_categoria`),
  KEY `id_subcategoria_idx` (`id_subcategoria`),
  KEY `id_unidad_idx` (`id_unidad`),
  KEY `id_ubicacion_idx` (`id_ubicacion`),
  KEY `id_estado_idx` (`id_estado`),
  CONSTRAINT `id_categoria` FOREIGN KEY (`id_categoria`) REFERENCES `categorias` (`id_categoria`),
  CONSTRAINT `id_estado` FOREIGN KEY (`id_estado`) REFERENCES `estados` (`id_estados`),
  CONSTRAINT `id_subcategoria` FOREIGN KEY (`id_subcategoria`) REFERENCES `subcategorias` (`id_subcategoria`),
  CONSTRAINT `id_ubicacion` FOREIGN KEY (`id_ubicacion`) REFERENCES `ubicaciones` (`id_ubicacion`),
  CONSTRAINT `id_unidad` FOREIGN KEY (`id_unidad`) REFERENCES `unidades` (`id_unidad`)
) ENGINE=InnoDB AUTO_INCREMENT=678 DEFAULT CHARSET=utf8mb4 COLLATE=utf8mb4_0900_ai_ci;
/*!40101 SET character_set_client = @saved_cs_client */;

--
-- Dumping data for table `items`
--

LOCK TABLES `items` WRITE;
/*!40000 ALTER TABLE `items` DISABLE KEYS */;
INSERT INTO `items` VALUES (1,'MARTILLO DE GOMA BLANCO',1,1,1,1,1,1,NULL,NULL,12,'COLOR DE GOMA BLANCO'),(2,'MARTILLO DE GOMA NEGRO ',1,1,1,1,1,1,NULL,NULL,12,'COLOR DE GOMA NEGRO'),(3,'MARTILLO DE GOMA STANLEY PEQUEO',1,1,1,1,1,1,NULL,NULL,NULL,'COLOR DE GOMA NARANJA TRANSPARENTE'),(4,'MARTILLO DE PICOS ',1,1,1,1,1,1,NULL,NULL,NULL,'MARTILLO PICOS CON CABO MADERA'),(5,'MARTILLO ESTANDAR',1,1,1,1,5,2,NULL,NULL,NULL,'MARTILLO CON MANGO HIERRO SOLDADO'),(6,'MARTILLO ESTANDAR MANGO VERDE',1,1,1,1,2,1,NULL,NULL,NULL,'MARTILLO MANGO VERDE GOMA'),(7,'MANDARRIA PEQUEA 2.5 BELLOTA',1,1,2,1,2,1,NULL,NULL,NULL,'MANDARRIA 2.5 KG CON CABO MADERA Y CON MANGO AZUL'),(8,'MANDARRIA PEQUEA 3KG BELLOTA',1,1,1,1,2,1,NULL,NULL,NULL,'MANDARRIA 3KG CON CABO MADERA'),(9,'MANDARRIA PEQUEA 1KG BELLOTA',1,1,1,1,2,1,NULL,NULL,NULL,'MANDARRIA 1KG CON CABO MADERA'),(10,'MANDARRIA PEQUEA 6KG BELLOTA CABO LARGO',1,1,1,1,3,1,NULL,NULL,NULL,NULL),(11,'PALA ALBAIL CON CABO Y MANGO',1,1,6,1,3,1,NULL,NULL,NULL,'4 BELLOTA MANGO NEGRO, 1 MANGO BLANCO, 1 MANGO ROJO'),(12,'LUXOMETRO PROSKIT MT4017',1,2,1,1,4,1,NULL,'VA091200191',NULL,'EN SU CAJA PLASTICA, FALTAN 3 PILAS AAA'),(13,'PINZA AMPERIMETRICA UNIT UT205',1,2,1,1,4,1,NULL,'1100115741',NULL,'EN SU CAJA PLASTICA, CABLES MEDICION, CAIMANES PEQUEOS, FALTA PILA 9V Y 1 AAA'),(14,'PROBADOR DE CABLE(CHICHARRA) SEW 180CB-A',1,2,1,1,4,1,NULL,'9849395',NULL,'AMARILLO EN SU BOLSO NEGRO, FALTAN 2 PILAS 9V GENERADO Y AMPLIFICADOR, FALTA TORNILLITO QUE APRIETA EN EL GENERADOR'),(15,'ENGRAPADORA CRAFTMAN ROJA',1,1,1,1,4,1,NULL,NULL,NULL,'ROJA, FALTAN GRAPAS'),(16,'PROBADOR DE CIRCUITO KLEINTOOLS C/GFCI',1,2,3,1,4,1,NULL,NULL,NULL,'AMARILLOS CON BOTON DE PROTECCION'),(17,'PROBADOR DE CIRCUITO',1,2,1,1,4,1,NULL,NULL,NULL,'AMARILLO SIN BOTON DE PROTECCION'),(18,'PROBADOR DE CIRCUITO CON CABLE',1,2,1,1,4,1,NULL,NULL,NULL,'AZUL CON CABLES BLANCOS, 1 JAS'),(19,'NIVEL LASER BLACK DECKER LZR3',1,2,1,1,4,1,NULL,NULL,NULL,'ROJO EN SU BOLSITO NEGRO CON BASE DE FIJACION TIENE PILA 9V'),(20,'LAPIZ HERRERO CROMADA ',1,1,1,1,4,1,NULL,NULL,NULL,'CON TIZA INCLUIDA COMPLETA'),(21,'HERRAMIENTA CUTTING  DE CABLE',1,2,1,1,4,1,NULL,NULL,NULL,'GRIS '),(22,'HERRAMIENTA CUT DE CABLE RG58/RG59',1,2,1,1,4,1,NULL,NULL,NULL,'NEGRA'),(23,'HERRAMIENTA PUNCHING UTP WIREPLUS',1,2,1,1,4,1,NULL,NULL,NULL,'NARANJA WIREPLUS EN SU ESTUCHE CON CUCHILLA'),(24,'PROBADOR DE CABLE(CHICHARRA) PROG ELECT 200EP',1,2,1,1,4,1,NULL,NULL,NULL,'GRIS EN SU ESTUCHE AZUL TIENE PILAS 9V GENERADOR Y AMPLIFICADOR'),(25,'SONOMETRO PROSKIT MT-4018',1,2,1,1,4,1,NULL,NULL,NULL,'EN SU CAJA PLASTICA, FALTAN 3 PILAS AAA'),(26,'PINZA AMPERIMETRICA UNIT UT202',1,2,1,1,4,1,NULL,NULL,NULL,'EN SU ESTUCHE NEGRO CABLES DE MEDICION CON PILAS 3 AAA'),(27,'MULTIMETRO DIGITAL GB GDT311',1,2,1,1,4,1,NULL,NULL,NULL,'ROJO CON CABLE DE MEDICION FALTA PILA 9V'),(28,'PINZA AMPERIMETRICA UNIT UT202A',1,2,1,1,4,1,NULL,'C161220802',NULL,'SIN ESTUCHE, SIN CABLES DE MEDICION FALTA PILA 9V'),(29,'MULTIMETRO DIGITAL HAOYUE MAS838',1,2,1,1,4,1,NULL,NULL,NULL,'AMARILLO SIN ESTUCHE SIN CABLE, TIENE PILA'),(30,'NIVEL DE LINEA',1,2,2,1,4,1,NULL,NULL,NULL,'AMARILLO '),(31,'PINZA AMPERIMETRICA BRUFER MT87',1,2,1,1,4,1,NULL,'13030025083',NULL,'EN SU ESTUCHE NEGRO, AMARILLO, SIN CABLES NO PILAS 2 AAA'),(32,'PROBADOR DE CERCO ELECTRICO 16000V',1,2,1,1,4,1,NULL,NULL,NULL,'NEGRO CON SU CABLE'),(33,'REPUESTOS CUCHILLA PUNCHING UTP',2,2,6,1,4,1,NULL,NULL,NULL,'REPUESTOS SIN ESTUCHE EN UNA BOLSA'),(34,'REPUESTOS DISCO DIAMANTADO PARA DREMEL',2,2,5,1,4,1,NULL,NULL,NULL,'EN SU ESTUCHE AZUL CON EXTENSION'),(35,'HERRAMIENTA PUNCHING UTP ',1,2,1,1,4,1,NULL,NULL,NULL,'AZUL CON GRIS NO TIENEN CUCHILLA'),(36,'HERRAMIENTA PUNCHING RG CABLE PRO PRESION',1,2,1,1,4,1,NULL,NULL,NULL,'NEGRA CON MANGO AZUL CONECTOR PLATEADO'),(37,'CRIMPING TOOL RG QUEST',1,2,1,1,4,1,NULL,NULL,NULL,'NEGRA MANGO AZUL EN SU ESTUCHE'),(38,'CRIMPING TOOL RG GENERICA',1,2,1,1,4,1,NULL,NULL,NULL,'NEGRA MANGOS ROJOS'),(39,'CRIMPING TOOL UTP TRENDNET',1,2,1,1,4,1,NULL,NULL,NULL,'NEGRA MANGOS AZULES'),(40,'PROBADOR CIRCUITO UNIT UT12A ELECTRONICA',1,2,1,1,4,1,NULL,'113004996',NULL,'ROJA PUNTA BLANCA TIENE PILA'),(41,'CUCHILLA LIMPIEZA VIDRIOS STANLEY',1,1,1,1,4,1,NULL,NULL,NULL,'PLATEADA NO TIENE HOJILLA'),(42,'NIVEL CON DETECTOR STUD',1,1,1,1,4,1,NULL,NULL,NULL,'BASE NEGRA CON NIVEL DE GOTA E IMAN DE DETECT'),(43,'DESOLDADOR PRO KIT',1,2,1,1,4,1,NULL,NULL,NULL,'VERDE'),(44,'PROBADOR DE CABLE UTP WIREPLUS',1,2,2,1,4,1,NULL,NULL,NULL,'EN ESTUCHE NEGRO SIN PLIA 9V CON REMOTO'),(45,'PROBADOR DE CABLE TRENDNET TCNT2',1,2,1,1,4,1,NULL,'PA0902V1031306',NULL,'EN ESTUCHE NEGRO SIN PLIA 9V CON REMOTO CON EXT RJ11 Y DOS CONVERTIDORES RG-UTP'),(46,'PROBADOR DE CABLE TRENDNET TCNT2',1,2,1,1,4,1,NULL,'PA0810V1024914',NULL,'EN ESTUCHE NEGRO SIN PLIA 9V CON REMOTO CON EXT RJ11 Y DOS CONVERTIDORES RG-UTP'),(47,'MICROTELEFONO',1,2,1,1,4,3,NULL,NULL,NULL,'NARANJA CON CABLES DE CONEXIîN '),(48,'TRANSFORMADOR CAMARA ',1,2,1,1,4,1,NULL,NULL,NULL,'TRANSFORMADOR NEGRO PLUG 12V 1AMP'),(49,'DESTORNILLADOR MICRO HEX 6.0',1,1,1,1,5,1,NULL,NULL,NULL,NULL),(50,'ALICATE MICRO PICO GARZA ',1,1,1,1,4,1,NULL,NULL,NULL,'MANGO NEGRO CON RAYA ROJA'),(51,'ALICATE MICRO PICO NORMAL',1,1,1,1,4,1,NULL,NULL,NULL,'MANGO NEGRO CON RAYA ROJA'),(52,'CARGADOR DE PILAS RECARGABLES AA Y AAA GP',1,2,1,1,4,1,NULL,NULL,NULL,'CON CARGADOR LEADER 12V 1AMP'),(53,'CINTA METRICA DE FIBRA 50MTS RUN',1,1,1,1,6,1,NULL,'7.592E+12',NULL,'ROJA '),(54,'ETIQUETADORA CASIO KL-780',1,2,1,1,4,1,NULL,NULL,NULL,'EN BOLSO DE ETIQUETADORAS SIN PILAS 6 AA CON FUENTE DE PODER'),(55,'ETIQUETADORA RHINO 5200',1,2,1,1,4,1,NULL,NULL,NULL,'BOLSO DE ETIQUETADORA SIN PILA 6AA NO TIENE FUENTE '),(56,'TERMOMETRO INFRAROJO FLUKE 561',1,2,1,1,4,1,NULL,NULL,NULL,'EN SU ESTUCHE PLASTICO CON 2 PILAS AA Y CABLE MEDICION '),(57,'MULTIMETRO AMBIENTAL PCE EM882',1,2,1,1,4,1,NULL,'6105267',NULL,'EN SU BOLSO NEGRO CON BATERIA 9V Y CABLE MEDICION (TEM, HUMED, LUZ Y SONOMETRO)'),(58,'SLEEEPING BAG DIELLE ',1,1,2,1,6,1,NULL,NULL,NULL,'VERDE EN SUS BOLSAS DE PROTECCION'),(59,'TRONZADORA DE METALES B&D CA2000-B3',1,3,1,1,7,1,NULL,NULL,NULL,'ROJA CON PROTECTOR DE CORTE, BASE Y DISCO DE TRONZAR EN SU CAJA '),(60,'CORTADORA DE CERAMICA RUBI 62CM',1,1,1,1,8,1,NULL,NULL,NULL,'EN SU CAJA PLASTICA ROJA Y REGLAS DE CUADRE Y CUCHILLA'),(61,'CORTADORA DE CERAMICA RUBI 40CM',1,1,1,1,8,1,NULL,NULL,NULL,'EN SU CAJA PLASTICA FALTA CUCHILLA Y BASES LATERALES'),(62,'CORTADORA DE CERAMICA TRUPER 30CM',1,1,1,1,8,1,NULL,NULL,NULL,'EN SU CAJA DE CARTON FALTACUCHILLA'),(63,'PISTOLA DE CALOR B&D HG2000-B3',1,3,1,1,8,1,NULL,NULL,NULL,'EN SU CAJA PLASTICA NEGRA CON 4 PICOS Y UNA EXTENSION NEGRA'),(64,'TRONZADORA DE METALES BOSCH GC02000',1,3,1,1,9,1,NULL,'110000937',NULL,'SIN CAJA CON PROTECTOR DE CORTE Y DISCO DE TRONZAR'),(65,'TALADRO PERCUTOR BOSCH ',1,3,1,1,5,3,NULL,NULL,NULL,'SIN ESTUCHE SIN LLAVE, CABLE Y ENCHUFE DEFECTUOSO'),(66,'BOMBA DE VACIO 1/4 ZENY',1,3,1,1,6,2,NULL,NULL,NULL,'EN SU CAJA, CABLE AC, DEPOSITO PLASTICO'),(67,'EXTRACTOR DE FILTROS ACEITE 63-102MM',1,1,1,1,6,1,NULL,NULL,NULL,'EN SU ESTUCHE DE COMPRA CON PIN PARA RACHE'),(68,'JUEGO RACHE CRAFTMAN 1/4',1,1,1,1,6,1,NULL,NULL,NULL,'DADOS CORTOS (5/32,3/16,7/32,9/32,5/16,11/32,3/8,7/16,1/2, FALTA 1/4) DADOS LARGOS 1/2,7/16,3/8 FALTA 5/16, EXTENSION 3\" RACHET 1/4'),(69,'JUEGO RACHE STANLEY 1/2',1,1,1,1,5,1,NULL,NULL,NULL,'RACHET 1/2, EXTENSION 4\"'),(70,'CAJA GRIS EXTENSION RACHE 3PULG DE 1/4',1,1,1,1,6,1,NULL,NULL,NULL,NULL),(71,'CAJA GRIS DADO PARA RACHE  1/8 4MM',1,1,1,1,6,1,NULL,NULL,NULL,NULL),(72,'CAJA GRIS DADO PARA RACHE  1/8 5MM',1,1,1,1,6,1,NULL,NULL,NULL,NULL),(73,'CAJA GRIS DADO PARA RACHE  1/8 6MM',1,1,1,1,6,1,NULL,NULL,NULL,NULL),(74,'CAJA GRIS DADO PARA RACHE  1/8 7MM',1,1,1,1,6,1,NULL,NULL,NULL,NULL),(75,'CAJA GRIS DADO PARA RACHE  1/8 9 MM',1,1,1,1,6,1,NULL,NULL,NULL,NULL),(76,'CAJA GRIS DADO PARA RACHE  1/8 11 MM',1,1,1,1,6,1,NULL,NULL,NULL,NULL),(77,'CAJA GRIS DADO PARA RACHE  1/8 12MM',1,1,1,1,6,1,NULL,NULL,NULL,NULL),(78,'DADO PARA RACHE  1/8 13MM',1,1,1,1,5,2,NULL,NULL,NULL,NULL),(79,'DADO PARA RACHE  1/8 5/16MM',1,1,1,1,5,2,NULL,NULL,NULL,NULL),(80,'CAJA GRIS DADO PARA RACHE  1/8 3/8',1,1,2,1,6,1,NULL,NULL,NULL,NULL),(81,'CAJA GRIS DADO PARA RACHE  1/8 3/16',1,1,1,1,6,1,NULL,NULL,NULL,NULL),(82,'CAJA GRIS DADO PARA RACHE  1/8 7/16',1,1,1,1,6,1,NULL,NULL,NULL,NULL),(83,'CAJA GRIS DADO PARA RACHE  1/8 9/32',1,1,2,1,6,1,NULL,NULL,NULL,NULL),(84,'DADO PARA RACHE  1/8 1/2',1,1,1,1,5,2,NULL,NULL,NULL,NULL),(85,'CAJA GRIS DADO PARA RACHE  1/8 7/32',1,1,1,1,6,1,NULL,NULL,NULL,NULL),(86,'CAJA GRIS DADO PARA RACHE  1/8 11/32',1,1,1,1,6,1,NULL,NULL,NULL,NULL),(87,'DADO PARA RACHE  1/4 14',1,1,1,1,5,2,NULL,NULL,NULL,NULL),(88,'CAJA GRIS DADO PARA RACHE  1/4 9MM',1,1,1,1,6,1,NULL,NULL,NULL,NULL),(89,'CAJA GRIS DADO PARA RACHE  1/4 10MM',1,1,1,1,6,1,NULL,NULL,NULL,NULL),(90,'CAJA GRIS DADO PARA RACHE  1/4 12MM',1,1,1,1,6,1,NULL,NULL,NULL,NULL),(91,'CAJA GRIS DADO PARA RACHE  1/4 11MM',1,1,1,1,6,1,NULL,NULL,NULL,NULL),(92,'CAJA GRIS DADO PARA RACHE  1/4 13MM',1,1,1,1,6,1,NULL,NULL,NULL,NULL),(93,'CAJA GRIS DADO PARA RACHE  1/4 14MM',1,1,1,1,6,1,NULL,NULL,NULL,NULL),(94,'CAJA GRIS DADO PARA RACHE  1/4 16MM',1,1,1,1,6,1,NULL,NULL,NULL,NULL),(95,'DADO PARA RACHE  1/4 17MM',1,1,1,1,5,2,NULL,NULL,NULL,NULL),(96,'CAJA GRIS DADO PARA RACHE  1/4 19MM',1,1,1,1,6,1,NULL,NULL,NULL,NULL),(97,'DADO PARA RACHE  1/4 21MM BUJIA',1,1,1,1,5,2,NULL,NULL,NULL,NULL),(98,'CAJA GRIS DADO PARA RACHE  1/4  1/2',1,1,1,1,6,1,NULL,NULL,NULL,NULL),(99,'CAJA GRIS DADO PARA RACHE  1/4  3/8',1,1,1,1,6,1,NULL,NULL,NULL,NULL),(100,'CAJA GRIS DADO PARA RACHE  1/4  3/4',1,1,2,1,6,1,NULL,NULL,NULL,NULL),(101,'DADO PARA RACHE  1/4  5/8',1,1,1,1,5,2,NULL,NULL,NULL,NULL),(102,'CAJA GRIS DADO PARA RACHE  1/4  9/16',1,1,1,1,6,1,NULL,NULL,NULL,NULL),(103,'CAJA GRIS DADO PARA RACHE  1/4  7/16',1,1,1,1,6,1,NULL,NULL,NULL,NULL),(104,'CAJA GRIS DADO PARA RACHE  1/4  11/16',1,1,1,1,6,1,NULL,NULL,NULL,NULL),(105,'PISTOLA TERMOFUSION DONSEN',1,3,1,1,6,1,NULL,NULL,NULL,' EN SU CAJA VERDECON DADOS DESDE 20MM, 25MM 32MM, 40MM, 50MM, 62MM, CON CABLE Y BASE, DOS TORNILLOS DE FIJACION Y UN DESTORNILLADOR PEQUEO NEGRO'),(106,'CEPILLO MADERA #5 STANLEY',1,1,1,1,8,1,NULL,NULL,NULL,'CON SUS MANGOS Y HOJILLA DE CORTE'),(107,'CEPILLO MADERA #3 STANLEY',1,1,1,1,8,1,NULL,NULL,NULL,'EN SU CAJA CON MANGOS Y HOJILLA '),(108,'KIT DE PUNTAS DIAMANTADAS DREMEL ',2,1,1,1,6,1,NULL,NULL,NULL,'EN SU ESTUCHE DE COMPRA CON 30 PIEZAS GRANULO 150'),(109,'COLCHON INFLABLE INDIVIDUAL BESTWAY',1,1,1,1,6,1,NULL,NULL,NULL,'EN SU CAJA COLOR AZUL'),(110,'TALADRO INALAMBRICO PRETUL 9V TALI-9.6P',1,3,1,1,8,1,NULL,NULL,NULL,'EN SU CAJA, CARGAR BATERIA, CON BASE DE CARGA Y TRANSFORMADOR, PROBAR SU CARGA'),(111,'SACABOCADOS BIMETALICOS MILWAKEE',1,1,1,1,6,1,NULL,NULL,NULL,'EN SU CAJA PLASTICA ROJA MANDRIL CON MECHA, DADOS 1/2, 1/8, 1, 7/8, 3/4 FALTA LLAVE ALLEN'),(112,'SACABOCADO MADERA TRUPER',1,1,1,1,6,1,NULL,NULL,NULL,'EN SU CAJA NARANJA MANDRIL CON MECHA DESGASTADA, LLAVE ALLEN Y DADOS 3/4, 1, 1 1/8, 1 3/8, 1 1/4, 1 1/2, 1 3/4, 2, 2 1/2, 3 FALTAN 2 DADOS'),(113,'KIT DE ABOCINADO SUPER EGO',1,1,1,1,6,1,NULL,NULL,NULL,'EN SU CAJA ROJA, DOS REGLAJE, ABOCINADOR, CORTADOR DE TUBO DE 3MM A 12MM, 5 PIEZAS DE ABOCINADOR'),(114,'INFLADOR BESTWAY MANUAL',1,1,1,1,8,1,NULL,NULL,NULL,'EN SU CAJA MANGUERA Y DOS PICOS'),(115,'PISTOLA DE CLAVO WIDDER W72 CAL22',1,1,1,1,8,1,NULL,NULL,NULL,'EN SU CAJA PLASTICA ROJA, MANGO ROTO REVISAR SU FUNCIONAMIENTO'),(116,'TIJERA CORTADORA TUBO TERMOFUSION DOZEN',1,1,1,1,1,1,NULL,NULL,NULL,NULL),(117,'CALADORA SKILL 4003',1,3,1,1,6,1,NULL,NULL,NULL,'EN SU BOLSO NEGRO, CABLE AC, 2 LLAVES ALLEN REPUESTOS DE CUCHILLAS'),(118,'ESMERIL BLACK&DECKER 7\" KG2001-B3\"',1,3,1,1,8,1,NULL,NULL,NULL,'MANGO DE AGARRE, SIN PROTECTOR, CABLE AC, DADOS DE FIJACION DISCO'),(119,'ESMERIL BLACK&DECKER 4\" G720-B3\"',1,3,1,1,6,1,NULL,NULL,NULL,'MANGO DE AGARRE, PROTECTOR, CABLE AC, DADOS DE FIJACION DISCO'),(120,'LLAVE DE AJUSTE ESMERIL 7\"\"',1,1,2,1,10,1,NULL,NULL,NULL,NULL),(121,'LLAVE DE AJUSTE ESMERIL 4\"\"',1,1,3,1,10,1,NULL,NULL,NULL,NULL),(122,'PULIDORA SKILL 7\" 1145\"',1,3,1,1,5,2,NULL,NULL,NULL,'SIN TOMA DE CORRIENTE, SIN SWITCH DE ENCENDIDO PROBAR Y ARREGLAR'),(123,'MANOMETROS DE AA',1,1,1,1,1,1,NULL,NULL,NULL,'CON MANGUERAS 3 AZUL, ROJA Y AMARILLA CON GANCHO DE AGARRE'),(124,'PICO BRONCE BOMBONA PROPANO AMARILLA',1,1,1,1,10,1,NULL,NULL,NULL,'PICO CON SU LLAVE DE APERTURA'),(125,'BOMBONA PROPANO AMARILLA WORTHINGTON',1,1,1,1,8,4,NULL,NULL,NULL,'POR CARGAR '),(126,'TARRAJA MANUAL TRUPER',1,1,1,1,11,1,NULL,NULL,NULL,'CON MANGO SIN ESTUCHE, TARRAJA DE 1, TARRAJA 1/2 TARRAJA 3/4 FALTA UN DIENTE'),(127,'TARRAJA MANUAL PLASTICO TUBO PVC AMARILLA',1,1,1,1,11,1,NULL,NULL,NULL,'CON MEDIDAS DE 3/4 Y 1/2 CON DISCO TARRAJA DE 1\"\"'),(128,'BROCA SACABOCADO BIMETAL HSS 1 1/2',1,1,2,1,11,1,NULL,NULL,NULL,'1 ESTA OK , LA OTRA FALTA LA MECHA '),(129,'SACABOCADO BIMETAL STARRET',1,1,1,1,11,1,NULL,NULL,NULL,'SIN ESTUCHE CON ESPIGA STARRET CON MECHA, DADO 1, 1 5/16, 1 1/2, 3 1/8, 2, 2 1/18, 2 5/16, 2 1/2, MANDRIL PEQUEO SIN MECHA, MANDRIL AUTOM SIN MECHA'),(130,'SACABOCADO ROJO 2 1/8',1,1,1,1,11,1,NULL,NULL,NULL,'ROJO SACABOCADO DE 2 1/8'),(131,'SACABOCADO ROJO 2 1/8',1,1,1,1,11,1,NULL,NULL,NULL,'ROJO SACABOCADO 2'),(132,'ESPIGA SACABOCADO REDONDO',1,1,1,1,11,1,NULL,NULL,NULL,'ESPIGA NEGRA ESTA EN DADO STARRET SACAR'),(133,'SACABOCADO VERDE HSS 2 1/8',1,1,1,1,11,1,NULL,NULL,NULL,'SACABOCADO VERDE 2 1/8 TIENE ESPIGA STARRET SACAR'),(134,'DREMEL 4000',1,3,1,1,8,1,NULL,NULL,NULL,'CON EXTENSION FLEXIBLE Y KIT DE ACCESORIOS'),(135,'SOPLADORA TAKIMA TKEB-23',1,3,1,1,8,1,NULL,NULL,NULL,'EN SU CAJA CON SACO Y PICO '),(136,'LLAVE INGLESA AJUSTABLE  STANLEY 10\" - 250mm\"',1,1,3,1,1,1,NULL,NULL,NULL,NULL),(137,'LLAVE INGLESA AJUSTABLE JHWILLIAMS 8\"\"',1,1,1,1,1,1,NULL,NULL,NULL,NULL),(138,'REMACHADORAS STANLEY 69-646',1,1,6,1,1,1,NULL,NULL,NULL,'3 REMACHADORAS COMPLETAS, 2 REMACHADORAS FALTAN 1 DADO, 1 AZUL EN RONTARCA'),(139,'PIQUETA PEQUEA CON CABO',1,1,1,1,1,1,NULL,NULL,NULL,'ARREGLAR MANGO Y PINTAR PICO'),(140,'PIQUETA MEDIANA CON CABO',1,1,1,1,1,1,NULL,NULL,NULL,'ARREGLAR MANGO Y PINTAR PICO'),(141,'PIQUETA DESBASTE HERRERO',1,1,1,1,5,2,NULL,NULL,NULL,NULL),(142,'LLAVE DE AJUSTE PLANA GENERICA',1,1,2,1,10,1,NULL,NULL,NULL,NULL),(143,'LLAVE INGLESA FIJA 9/16',1,1,3,1,12,1,NULL,NULL,NULL,'1 GENERICA, 1 BRUFER, 1 STANLEY'),(144,'LLAVE INGLESA FIJA ACESA 16',1,1,3,1,12,1,NULL,NULL,NULL,NULL),(145,'LLAVE INGLESA FIJA ACESA 3/4',1,1,1,1,12,1,NULL,NULL,NULL,NULL),(146,'LLAVE INGLESA FIJA STANLEY 5/8',1,1,1,1,12,1,NULL,NULL,NULL,NULL),(147,'LLAVE INGLESA FIJA STANLEY 3/8',1,1,2,1,12,1,NULL,NULL,NULL,NULL),(148,'LLAVE INGLESA FIJA ACESA 17',1,1,1,1,12,1,NULL,NULL,NULL,NULL),(149,'LLAVE INGLESA FIJA ACESA 11',1,1,2,1,12,1,NULL,NULL,NULL,'1 ACESA, 1 STANLEY'),(150,'LLAVE INGLESA FIJA BEST VALUE 1/2',1,1,2,1,12,1,NULL,NULL,NULL,'1 BEST VALUE , 1 STANLEY'),(151,'LLAVE INGLESA FIJA STANLEY 1/4',1,1,1,1,12,1,NULL,NULL,NULL,NULL),(152,'LLAVE INGLESA FIJA BRUFER 7/16',1,1,1,1,12,1,NULL,NULL,NULL,NULL),(153,'LLAVE INGLESA FIJA DREBO 14',1,1,1,1,12,1,NULL,NULL,NULL,NULL),(154,'LLAVE INGLESA FIJA ACESA 24-26',1,1,1,1,12,1,NULL,NULL,NULL,NULL),(155,'LLAVE INGLESA FIJA ACESA 18',1,1,1,1,12,1,NULL,NULL,NULL,NULL),(156,'LLAVE INGLESA FIJA CABEZA SIMPLE 41',1,1,1,1,12,1,NULL,NULL,NULL,NULL),(157,'LLAVE INGLESA FIJA CABEZA SIMPLE 46',1,1,1,1,12,1,NULL,NULL,NULL,NULL),(158,'LLAVE INGLESA FIJA CABEZA SIMPLE 30',1,1,1,1,12,1,NULL,NULL,NULL,NULL),(159,'LLAVE INGLESA FIJA CARMION 42-46',1,1,1,1,12,1,NULL,NULL,NULL,NULL),(160,'LLAVE INGLESA FIJA HUSKY 1 1/8',1,1,1,1,12,1,NULL,NULL,NULL,NULL),(161,'LLAVE INGLESA FIJA KING DICK 11/16',1,1,1,1,12,1,NULL,NULL,NULL,NULL),(162,'LLAVE INGLESA FIJA REIDCO 36-41',1,1,1,1,12,1,NULL,NULL,NULL,NULL),(163,'LLAVE INGLESA FIJA ACESA 36',1,1,1,1,12,1,NULL,NULL,NULL,NULL),(164,'LLAVE INGLESA FIJA ACESA 1\"\"',1,1,1,1,12,1,NULL,NULL,NULL,NULL),(165,'LLAVE INGLESA FIJA CRASHER 1\"\"',1,1,1,1,12,1,NULL,NULL,NULL,NULL),(166,'LLAVE INGLESA FIJA OM 32-30',1,1,1,1,12,1,NULL,NULL,NULL,NULL),(167,'LLAVE INGLESA FIJA ACESA 20-22',1,1,3,1,12,1,NULL,NULL,NULL,NULL),(168,'LLAVE INGLESA FIJA ACESA 23-21',1,1,2,1,12,1,NULL,NULL,NULL,NULL),(169,'LLAVE INGLESA FIJA ACESA 28-25',1,1,1,1,12,1,NULL,NULL,NULL,NULL),(170,'LLAVE INGLESA FIJA ACESA 1 1/8',1,1,1,1,12,1,NULL,NULL,NULL,NULL),(171,'LLAVE INGLESA FIJA DELGADA 3/8 - 7/16',1,1,1,1,12,1,NULL,NULL,NULL,NULL),(172,'DESTAPADOR DE CUETE PLASTICO AZUL',1,1,1,1,1,1,NULL,NULL,NULL,NULL),(173,'ALICATE DE PRESION PEQUEA',1,1,1,1,13,1,NULL,NULL,NULL,NULL),(174,'TIRALINEA STANLEY',1,1,2,1,14,1,NULL,NULL,NULL,'1 ESTA OK, 1 TIENE EL PABILO ROTO Y LA PUNTA'),(175,'PISTOLA SILICONE STANLEY 14WATT',1,3,1,1,4,1,NULL,NULL,NULL,NULL),(176,'MANGO PARA CUCHILLA SEGUETA',1,1,4,1,1,1,NULL,NULL,NULL,'3 STANLEY (2 OK, 1 FALTA PICO EXTREMO) 1 SURTEK'),(177,'PALUSTRA GOMA ALBAILERIA ',1,1,4,1,1,1,NULL,NULL,NULL,'1 BASE PLASTICA NEGRA, 1 BASE METALICA'),(178,'PALUSTRA PLASTICA O CEPILLO ALBAIL',1,1,4,1,1,1,NULL,NULL,NULL,'2 PARTIDAS EN EL MEDIO'),(179,'BATIDORES METALICOS',1,1,2,1,1,1,NULL,NULL,NULL,'HECHO EN TALLER'),(180,'CUCHARA ALBAIL GRANDE 8\"\"',1,1,1,1,1,1,NULL,NULL,NULL,'MANGO MADERA'),(181,'CUCHARA ALBAIL GRANDE 7\"\"',1,1,1,1,1,1,NULL,NULL,NULL,'1 MANGO AZUL ROJO'),(182,'SERRUCHO MADERA PEQUEO STANLEY',1,1,1,1,1,1,NULL,NULL,NULL,'MANGO MADERA'),(183,'SERRUCHO MADERA GRANDE STANLEY',1,1,1,1,1,1,NULL,NULL,NULL,'MANGO MADERA'),(184,'SERRUCHO PARA DRYWALL',1,1,1,1,1,1,NULL,NULL,NULL,'MANGO MADERA'),(185,'ESCUADRA METALICA 30CM',1,1,1,1,1,1,NULL,NULL,NULL,'METALICA SIN MEDICION CON MANGO GRUESO'),(186,'ESCUADRA METALICA 60CM-40CM',1,1,1,1,1,1,NULL,NULL,NULL,'METALICA CON MEDICION DE AMBOS LADOS NEGRA'),(187,'ESCUADRA METALICA 30CM',1,1,1,1,1,1,NULL,NULL,NULL,'METALICA CON MEDICION CON MANGO GRUESO'),(188,'ESCUADRA METALICA 25CM LUXVEN',1,1,1,1,1,1,NULL,NULL,NULL,'METALICA SIN MEDICION CON MANGO GRUESO'),(189,'ESCUADRA METALICA EXXEL 15CM',1,1,1,1,1,1,NULL,NULL,NULL,'METALICA CON MEDICION CON MANGO GRUESO'),(190,'PALUSTRA PARA LIJAR',1,1,1,1,1,1,NULL,NULL,NULL,'MANGO BLANCO CON SUS DOS AJUSTES'),(191,'NIVEL METALICO 40CM',1,1,2,1,1,1,NULL,NULL,NULL,'ESTRUCTURA METALICO FALTA 1 NIVEL'),(192,'NIVEL METALICO 50CM SURTEK AMARILLO',1,1,1,1,1,1,NULL,NULL,NULL,'ESTRUCTURA METALICO AMARILLA'),(193,'NIVEL PLASTICO IMANTADO NARANJA',1,1,1,1,1,1,NULL,NULL,NULL,'ESTRUCTURA PLASTICA NARANJA'),(194,'NIVEL PLASTICO AMARILLO STANLEY 50CM',1,1,1,1,1,1,NULL,NULL,NULL,'ESTRUCTURA PLASTICAAMARILLA'),(195,'PALUSTRA DENTADA CUADRADA DE ALBAIL',1,1,2,1,15,1,NULL,NULL,NULL,'1 MANGO MADERA BELLOTA, 1 MANGO PLASTICO LUXVEN'),(196,'PALUSTRA DENTADA STANLEY TRIANGULAR DE ALBAIL',1,1,2,1,15,1,NULL,NULL,NULL,'MANGO DE MADERA STANLEY'),(197,'PALUSTRA STANLEY LISA',1,1,1,1,5,2,NULL,NULL,NULL,NULL),(198,'PALUSTRA TIPO RATON',1,1,1,1,15,1,NULL,NULL,NULL,'MANGO NEGRO PLASTICO'),(199,'PALUSTRA ENCAMISAR 12\" TRUPER\"',1,1,2,1,1,1,NULL,NULL,NULL,'MANGO GOMA AZUL NARANJA'),(200,'PALUSTRA ENCAMISAR 8\"LOBSTER\"',1,1,1,1,1,1,NULL,NULL,NULL,'MANGO GOMA AZUL '),(201,'ESPATULA PEQUEA 1\"\"',1,1,1,1,1,1,NULL,NULL,NULL,'MANGO DE MADERA'),(202,'ESPATULA PEQUEA 2\"\"',1,1,1,1,1,1,NULL,NULL,NULL,'MANGO VERDE'),(203,'ESPATULA PEQUEA 3\"\"',1,1,1,1,1,1,NULL,NULL,NULL,'MANGO VERDE'),(204,'CISALLA TRUPPER 18\"\"',1,1,1,1,1,1,NULL,NULL,NULL,'MANGO NARANJA CON PROTECTORES '),(205,'CISALLA ROJA 24\"\"',1,1,1,1,1,1,NULL,NULL,NULL,'ROJA CON MANGOS DE GOMA NEGRO '),(206,'PRENSA TERMINALES DE 1/2 YBICO',1,1,1,1,1,1,NULL,NULL,NULL,'CROMADA CON MANGOS ROJOS'),(207,'LLAVE INGLESA DE TUBO 18\"\"',1,1,2,1,1,1,NULL,NULL,NULL,'1 STANLEY, 1 LOBSTER'),(208,'LLAVE INGLESA DE TUBO 12\"\"',1,1,2,1,1,1,NULL,NULL,NULL,NULL),(209,'AYUDANTE DE PLOMERO STANLEY 187-448',1,1,1,1,13,1,NULL,NULL,NULL,NULL),(210,'TIJERA CORTE GALVANIZADO AZUL',1,1,1,1,1,1,NULL,NULL,NULL,'TIJERA MANGO DEDAL COLOR ROJO'),(211,'TIJERA CORTE GALVANIZADO ROJA',1,1,1,1,1,1,NULL,NULL,NULL,'TIJERA MANGO PRESION MANGO ROJO'),(212,'TIJERA CORTE GALVANIZADO STANLEY ',1,1,2,1,1,1,NULL,NULL,NULL,'NO TIENE LOS MANGOS AMARILLOS, UNO CON MANGOS VERDES (RONTARCA)'),(213,'TIJERA CORTE GALVANIZADO COBRA',1,1,1,1,1,1,NULL,NULL,NULL,'TIJERA MANGO DEDAL COLOR MANGO NEGRO'),(214,'CORTA TUBO STANLEY ROJO 3-30MM',1,1,3,1,1,1,NULL,NULL,NULL,'SIN CUCHILLAS'),(215,'CORTA TUBO SUPER EGO 6-35MM',1,1,1,1,1,1,NULL,NULL,NULL,'TIENE CUCHILLA '),(216,'CORTA TUBO SUPEREGO GRANDE',1,1,1,1,1,1,NULL,NULL,NULL,'ROJA CON CUCHILLA'),(217,'CARETA MOVIL PARA SOLDAR PROLIFE',1,1,1,1,8,1,NULL,NULL,NULL,'TIENE VIDRIO OSCURO Y UNOP CLARO'),(218,'CARETA MOVIL PARA SOLDAR APOLO',1,1,1,1,8,1,NULL,NULL,NULL,'NO TIENE VIDRIO OSCURO'),(219,'CARETA MOVIL AUTOMATICA SOLDAR',1,1,1,1,5,2,NULL,NULL,NULL,NULL),(220,'CARETA MANUAL NEGRA SOLDAR',1,1,1,1,1,1,NULL,NULL,NULL,'TIENE VIDRIO OSCURO'),(221,'SARGENTO MANUAL 25\" BESSEY\"',1,1,3,1,5,2,NULL,NULL,NULL,'METALICO CON MANGO EN ROSCA MADERA ROJA'),(222,'SARGENTO MANUAL 20 BESSEY',1,1,2,1,5,2,NULL,NULL,NULL,'LIMAR CABEZAL DE UNO DE ELLOS'),(223,'PROTECTOR AUDITIVO ROJOS',1,1,1,1,1,1,NULL,NULL,NULL,'CON SUS DOS OREJERAS ROJAS'),(224,'PORTA HERRAMIENTA CUERO TRUPER',1,1,3,1,6,1,NULL,NULL,NULL,NULL),(225,'BOLSO PARA HERRAMIENTAS BRUFER',1,1,2,1,5,2,NULL,NULL,NULL,NULL),(226,'IGLOO ARTIC 4.7LTS',1,1,1,1,16,1,NULL,NULL,NULL,'COLOR ROJO, C/TAPA/SURTIDOR/ASA'),(227,'IGLOO ROJO INDIVIDUAL',1,1,2,1,16,1,NULL,NULL,NULL,'COLOR ROJO C/TAPA SURTIDOR/ASA'),(228,'IGLOO ECOCAR 8 LTS AZUL',1,1,1,1,16,1,NULL,NULL,NULL,'COLOR AZUL C/TAPA/SURTIDOR/ASA'),(229,'CARETA PROTECTORA FACIAL PROLIFE',1,1,2,1,1,1,NULL,NULL,NULL,'CON AJUSTADORES Y POLICARBONATO FRONTAL '),(230,'TRIPODE ROJO PEQUEO METAL',1,1,1,1,17,1,NULL,NULL,NULL,'FALTA CUPILLA DE AGUANTE'),(231,'PRENSA AJUSTABLE ROJA DE 3\"\"',1,1,1,1,1,1,NULL,NULL,NULL,NULL),(232,'PRENSA AJUSTABLE ROJA SUMMER DE 4\"\"',1,1,1,1,1,1,NULL,NULL,NULL,NULL),(233,'PRENSA AJUSTABLE DE MESA PEQUEA',1,1,1,1,9,1,NULL,NULL,NULL,'COLOR NEGRA'),(234,'FAJA PROTECCION ESPALDA',1,1,3,1,6,1,NULL,NULL,NULL,'2 OFICINA, 1 JS'),(235,'LIMA METALICA PLANA CURVA GRANO FINO GRANDE',1,1,1,1,18,1,NULL,NULL,NULL,'MANGO DE MADERA GRANDE'),(236,'LIMA METALICA PLANA CURVA GRANO GRUESO MEDIANO',1,1,1,1,18,1,NULL,NULL,NULL,'MANGO MADERA MEDIANA'),(237,'LIMA METALICA PLANA CURVA GRANO FINO PEQUEA',1,1,1,1,18,1,NULL,NULL,NULL,'MANGO MADERA PEQUEA'),(238,'LIMA METALICA PLANA GRANO FINO GRANDE',1,1,1,1,18,1,NULL,NULL,NULL,'MANGO MADERA GRANDE'),(239,'LIMA METALICA PLANA GRANO MEDIO GRANDE',1,1,1,1,18,1,NULL,NULL,NULL,'SIN MANGO GRANDE'),(240,'LIMA METALICA CURVA GRANO FINO PEQUEO',1,1,1,1,18,1,NULL,NULL,NULL,'MANGO DE MADERA PEQUEA'),(241,'LIMA METALICA CUADRADA GRANO FINO PEQUEO',1,1,1,1,18,1,NULL,NULL,NULL,'MANGO MADERA PEQUEO'),(242,'LIMA METALICA CUADRADA GRANO MEDIO MEDIANA',1,1,1,1,18,1,NULL,NULL,NULL,'SIN MANGO MEDIANA'),(243,'PISTOLA SUPERIOR PARA LAVADO',1,1,1,1,1,1,NULL,NULL,NULL,'METALICO CON ENVASE, PICO Y CONEXIîN'),(244,'LINTERNA PLASTICA MEDIANA EVEREADY',1,3,3,1,17,5,NULL,NULL,NULL,'2 ROJAS(1 C/BOMBILLO, 1 S/BOMBILLO) 1 AZUL (C/BOMBILLO) SIN PILAS'),(245,'LINTERNA PLASTICA PEQUEA  EVEREADY',1,3,1,1,17,5,NULL,NULL,NULL,'VERDE SIN PILAS'),(246,'LINTERNA PLASTICA GRANDE EVEREADY',1,3,1,1,6,5,NULL,NULL,NULL,'CON BOMBILLO SIN PILAS'),(247,'LINTERNA PLASTICA GRANDE SEARCH GUARD',1,3,1,1,6,5,NULL,NULL,NULL,'AMARILLA SIN PILA CON BOMBILLO'),(248,'FLEJADORA PARA FLEJES METALICOS 1/2',1,1,1,1,1,1,NULL,NULL,NULL,'REVISAR'),(249,'CINCEL GRANDE CUADRADO',1,1,1,1,10,1,NULL,NULL,NULL,NULL),(250,'CINCEL PUNTA CORTA PLANA PROTO 5/8',1,1,1,1,10,1,NULL,NULL,NULL,NULL),(251,'CINCEL PLANO GRANDE ',1,1,1,1,5,2,NULL,NULL,NULL,NULL),(252,'CINCEL PUNTA PEQUEO FINO',1,1,1,1,5,2,NULL,NULL,NULL,NULL),(253,'CINCEL PLANO PEQUEO ',1,1,2,1,10,1,NULL,NULL,NULL,'UNO GRUESO BELLOTA Y UNO DELGADO GENERICO'),(254,'CINCEL PUNTA PEQUEO BELLOTA',1,1,2,1,10,1,NULL,NULL,NULL,NULL),(255,'DADOS RACHE 1/4',1,1,1,1,5,2,NULL,NULL,NULL,'EN CAJA PLASTICA GRIS TIPO CARRO, 6MM, 4.5MM,7/32, 9/32 (2), 11MM, 7MM, 7/16,9MM,11/32,3/8,12MM,3/16,5mm'),(256,'DADOS RACHE 3/4',1,1,1,1,5,2,NULL,NULL,NULL,'EN CAJA PLASTICA GRIS TIPO CARRO, 7/16,3/8 (2),14mm,11/16,12mm,9/16,10mm,16mm,1/2,11mm,13mm,3/4(2),19mm,9mm'),(257,'EXTENSION CORTA 3/4 PARA RACHE',1,1,1,1,5,2,NULL,NULL,NULL,'EN CAJA PLASTICA GRIS TIPO CARRO'),(258,'BOLSA LLAVE ALLEN #5',1,1,21,1,19,1,NULL,NULL,NULL,'EN UNA BOLSA PLASTICA NEGRAS'),(259,'BOLSA LLAVE ALLEN #6',1,1,11,1,19,1,NULL,NULL,NULL,'EN UNA BOLSA PLASTICAS CROMADAS'),(260,'BOLSA LLAVE ALLEN #4',1,1,17,1,19,1,NULL,NULL,NULL,'EN UNA BOLSA NEGRAS'),(261,'BOLSA LLAVEN ALLEN #2',1,1,7,1,19,1,NULL,NULL,NULL,NULL),(262,'LLAVE TORX EN L',1,1,1,1,5,2,NULL,NULL,NULL,NULL),(263,'JUEGO SACABOCADO PLAST, CARTON, TEXTIL',1,1,1,1,6,1,NULL,NULL,NULL,'EN UNA CAJA METALICA ROJA JGO COMPLETO'),(264,'BARRA DE GIRO PARA RACHE 1/2',1,1,2,1,6,1,NULL,NULL,NULL,NULL),(265,'TALADRO DEMOLEDOR HITACHI PH65A 65MM',1,3,1,1,8,2,NULL,'991207',NULL,'EN SU CAJA METALICA, CON AGARRADERA, CABLE POTE DE ACEITE Y DOS MECHAS DE PUNTA Y PALA CON LLAVES Y CARBONES DE REPUESTO'),(266,'TALADRO MARTILLO MILWAKEE ',1,3,1,1,8,1,NULL,'C88AD12470903',NULL,'EN SU CAJA ROJA, AGARRADERA, CABLE AC, '),(267,'TALADRO MARTILLO MAKITA GRIS VERDE',1,3,1,1,8,1,NULL,NULL,NULL,'CON CABLE SIN LLAVE DE AJUSTE'),(268,'TALADRO INALAMBRICO MAKITA DC18RA',1,3,1,1,8,1,NULL,'630504G4',NULL,'TALADRO MARTILLO, TALADRO DESTORNILLADOR, CARGADOR Y SU DOS BATERIAS DE 18V'),(269,'CILINDRO REFRIGERANTE RECARGABLE  AA 3KG',1,1,1,1,8,1,NULL,NULL,NULL,'TANQUE REFRIGERANTE VERDE CARGADO DEBE TENER 2 KG'),(270,'CILINDRO REFRIGERANTE DESECHABLE 13.5KG',1,1,1,1,8,1,NULL,NULL,NULL,'EN SU CAJA DEBE TENER 13 O 12 KG'),(271,'BASE DE CORTES EN ANGULOS STANLEY',1,1,1,1,1,1,NULL,NULL,NULL,'AMARILLO DE PLASTICO '),(272,'RADIOS MIDLAND MOD LXT500',1,2,4,1,5,2,NULL,NULL,NULL,'RADIOS MIDLAND CON BASES DE CARGAS y transformadores, RADIO 1: 1306035638 sin clip, Radio 2: 120501 con clip, Radio3:1306035637 sin clip, radio 4: 1306028179 con clip'),(273,'CUCHILLAS BLANCAS DE JALADO ',1,1,2,1,1,1,NULL,NULL,NULL,'NUMERO 11 Y NUMERO 28'),(274,'CUCHILLA PARA CARATEO KOBALT',1,1,1,1,5,2,NULL,NULL,NULL,'FALTAN CUCHILLA Y REPUESTOS'),(275,'DESTORNILLADOR MICRO ESTRIA ',1,1,3,1,19,1,NULL,NULL,NULL,NULL),(276,'DESTORNILLADOR MICRO PLANO',1,1,2,1,19,1,NULL,NULL,NULL,NULL),(277,'DESTORNILLADOR MICRO ALLEN',1,1,2,1,19,1,NULL,NULL,NULL,NULL),(278,'DESTORNILLADOR MICRO RACHE',1,1,3,1,19,1,NULL,NULL,NULL,NULL),(279,'DESTORNILLADOR MICRO LLAVE INGLESA',1,1,5,1,19,1,NULL,NULL,NULL,NULL),(280,'DESTORNILLADOR PLANO EN Z',1,1,1,1,5,2,NULL,NULL,NULL,NULL),(281,'DESTORNILLADOR TORX CRASFTMAN T15',1,1,1,1,5,2,NULL,NULL,NULL,NULL),(282,'DESTORNILLADOR TORX CRAFTMAN T20',1,1,1,1,5,2,NULL,NULL,NULL,NULL),(283,'DESTORNILLADOR TORX CRAFTMAN T10',1,1,1,1,5,2,NULL,NULL,NULL,NULL),(284,'DESTORNILLADOR ESTRIA CRAFTMAN #3',1,1,1,1,5,2,NULL,NULL,NULL,NULL),(285,'DESTORNILLADOR ESTRIA FINO NARANJA',1,1,1,1,5,2,NULL,NULL,NULL,'MANGO NARANGA CON CENTRO GOMA NEGRO ESTRIA MICRO'),(286,'DESTORNILLADOR ESTRIA FINO NARANJA NEGRO',1,1,1,1,5,2,NULL,NULL,NULL,'MANGO NARNAJA - NEGRO CON ESTRIA MICRO '),(287,'DESTORNILLADOR ESTRIA STANLEY',1,1,2,1,5,2,NULL,NULL,NULL,NULL),(288,'DESTORNILLADOR ESTRIA GRANDE BUFER',1,1,1,1,5,2,NULL,NULL,NULL,'MANGO AZUL'),(289,'DESTORNILLADOR ESTRIA FINO BUFER',1,1,1,1,5,2,NULL,NULL,NULL,'MANGO AZUL'),(290,'DESTORNILLADOR ESTRIA MEDIANO BUFER',1,1,1,1,5,2,NULL,NULL,NULL,'MANGO AZUL'),(291,'DESTORNILLADOR PLANO FINO NARANJA-NEGRO',1,1,2,1,5,2,NULL,NULL,NULL,'MANGO NARANJA-NEGRO PLANO MICRO'),(292,'DESTORNILLADOR PLANO PEQUEO NARANJA-NEGRO',1,1,1,1,5,2,NULL,NULL,NULL,'MANGO NARANJA-NEGRO PLANO ANCHO PEQUEO'),(293,'DESTORNILLADOR STANLEY PLANO',1,1,4,1,5,2,NULL,NULL,NULL,'MALTRATADO PULIR PUNTA'),(294,'DESTORNILLADOR PLANO GRANDE B&D',1,1,1,1,5,2,NULL,NULL,NULL,'MANGO NARANJA NEGRO'),(295,'DESTORNILLADOR PLANO PEQUEO CRAFTMAN',1,1,1,1,5,2,NULL,NULL,NULL,NULL),(296,'DESTORNILLADOR PLANO GRANDE BUFER',1,1,1,1,5,2,NULL,NULL,NULL,'MANGO AZUL'),(297,'DESTORNILLADOR AZUL BRUFER MEDIANO',1,1,1,1,5,2,NULL,NULL,NULL,NULL),(298,'DESTORNILLADOR PLANO MEDIANO CRASFTMAN',1,1,1,1,5,2,NULL,NULL,NULL,'PULIR LA PUNTA'),(299,'DESTORNILLADOR PUNZON STANLEY',1,1,1,1,5,2,NULL,NULL,NULL,NULL),(300,'DESTORNILLADOR PUNZON CRAFTMAN PEQUEO',1,1,1,1,5,2,NULL,NULL,NULL,NULL),(301,'DESTORNILLADOR TIPO RACHE 3/16',1,1,1,1,5,2,NULL,NULL,NULL,NULL),(302,'DESTORNILLADOR TIPO RACHE 3/8',1,1,1,1,5,2,NULL,NULL,NULL,NULL),(303,'DESTORNILLADOR TIPO RACHE 11/32',1,1,1,1,5,2,NULL,NULL,NULL,NULL),(304,'DESTORNILLADOR PARA DADO RACHE 1/4',1,1,1,1,5,2,NULL,NULL,NULL,NULL),(305,'DESTORNILLADOR PARA DADO RACHE 7/16',1,1,1,1,5,2,NULL,NULL,NULL,NULL),(306,'DESTORNILLADOR FORMALETA ',1,1,1,1,5,2,NULL,NULL,NULL,'MANGO AZUL'),(307,'SACABUJIAS MANGO ROJO',1,1,1,1,5,2,NULL,NULL,NULL,NULL),(308,'GUAYA FIBRA BLANCA ',1,1,1,1,8,1,NULL,NULL,NULL,NULL),(309,'GUAYA METAL EN CURVA 2\" 50MTS\"',1,1,1,1,8,1,NULL,NULL,NULL,NULL),(310,'GUAYA METAL 30MTS EN CURVA 1\"\"',1,1,1,1,8,1,NULL,NULL,NULL,NULL),(311,'EXTENSION ELECTRICA ST4X14 9MTS',1,1,1,1,20,1,NULL,NULL,NULL,'DAADA EN DOS PARTES CON TOMA POLARIZADA MACHO Y TOMA SENCILLA HEMBRA'),(312,'EXTENSION ELECTRICA AZUL 6MTS',1,1,1,1,20,1,NULL,NULL,NULL,'EXTENSION AZUL CON TOMA POLARIZADA HEMBRA Y TOMA POLARIZADA MACHO DAADA NO TIENE PIN DE TIERRA'),(313,'EXTENSION ELECTRICA 4P+ENCHUFE POLARIZADO',1,1,1,1,20,1,NULL,NULL,NULL,'ARREGLAR TOMA POLARIZADA'),(314,'EXTENSION ELECTRICA ST3X12 8MTS',1,1,1,1,20,1,NULL,NULL,NULL,'ARREGLAR TOMA POLARIZADA CON CAJA FS 3/4'),(315,'EXTENSION ELECTRICA MULTITOMAS(4) 8MTS',1,1,1,1,20,1,NULL,NULL,NULL,'TOMA POLARIZADA Y 4 CAJETINES CON TOMAS DOBLES FALTAN FACEPLATES '),(316,'EXTENSION ELECTRICA CON GFCI 1MTS',1,1,2,1,20,1,NULL,NULL,NULL,'A UNA EXTENSION LE FALTA EN TOMA POLARIZADO'),(317,'EXTENSION ELECTRICA 26MTS ',1,1,1,1,20,1,NULL,NULL,NULL,'REVISAR DAOS EN SU EXTENSION'),(318,'EXTENSION ELECTRICA 30MTS ',1,1,1,1,20,1,NULL,NULL,NULL,'REVISAR DAOS EN SU EXTENSION'),(319,'EXTENSION ELECTRICA 4MTS',1,1,1,1,20,1,NULL,NULL,NULL,'CON TOMA POLARIZADA Y CAJA FC3/4 TOMA DOBLE'),(320,'EXTENSION ELECTRICA ST2X12  7MTS',1,1,1,1,20,1,NULL,NULL,NULL,'CON TOMA POLARIZADA Y ENCHUFE GFCI'),(321,'EXTENSION AMARILLA 7MTS',1,1,1,1,20,1,NULL,NULL,NULL,'CON TOMA POLARIZADA CON TIERRA ANULADA'),(322,'EXTENSION ELECTRICA CABLE SPT CON PINZAS ',1,1,1,1,20,1,NULL,NULL,NULL,NULL),(323,'PISTOLA PARA TUBO SILICON FERMETAL',1,1,1,1,1,1,NULL,NULL,NULL,NULL),(324,'PISTOLA PARA TUBO SILICON TRUPER',1,1,1,1,1,1,NULL,NULL,NULL,'NARANJA'),(325,'KIT LLAVE TORX TRUPER',1,1,1,1,5,2,NULL,NULL,NULL,'EN SU ESTUCHE NARANJA MEDIDAS T10, T15,T20,T25,T27,T30,T40,T45,T50'),(326,'BOLSA DE CUAS PARA CERAMICA PARED',2,1,1,1,5,1,NULL,NULL,NULL,NULL),(327,'BOLSA DE CUAS PARA CERAMICA PISO #1',2,1,1,1,5,1,NULL,NULL,NULL,NULL),(328,'BOLSA DE CUAS PARA CERAMICAS PISO # 2',2,1,1,1,5,1,NULL,NULL,NULL,NULL),(329,'CHICORA GRANDE HIERRO',1,1,1,1,6,1,NULL,NULL,NULL,NULL),(330,'4 OXICORTE LINSEY',1,1,1,1,7,1,NULL,NULL,NULL,'DOS BOMBONAS EN CARRETILLA, CAJA DE HERRAMIENTA LOBSTER CON 2 JUEGOS DE MANGUERAS ROJA-VERDE, EXTENSION MEXCLADOR, PICO CON TRES TUBOS, PICO CON UN TUBO, RELOJES, LLAVE INGLESA FIJA 11/16. LENTES DE PROTECCION, 2 REPUESTO DE PIEDRA ENCENDER, ENCENDEDOR DE CHISPA'),(331,'DISCO CORTE METAL 7\" CD\"',2,1,3,1,21,1,NULL,NULL,NULL,NULL),(332,'DISCO CORTE METAL 7\" GRUESO\"',2,1,2,1,21,1,NULL,NULL,NULL,NULL),(333,'DISCO CORTE METAL TRONZADORA 14\"\"',2,1,4,1,21,1,NULL,NULL,NULL,NULL),(334,'DISCO CORTE ACERO INOX 7',2,1,1,1,21,6,NULL,NULL,NULL,NULL),(335,'DISCO DESBASTE METAL 7',2,1,8,1,21,1,NULL,NULL,NULL,NULL),(336,'DISCO PARA PULIR PIEDRA',2,1,1,1,21,1,NULL,NULL,NULL,NULL),(337,'DISCO DIAMANTE CONTINUO 7\"\"',2,1,2,1,21,1,NULL,NULL,NULL,NULL),(338,'DISCO DIAMANTE CONTINUO 4\"\"',2,1,3,1,21,1,NULL,NULL,NULL,NULL),(339,'DISCO DIAMANTE NO CONTINUO 4\"\"',2,1,3,1,21,1,NULL,NULL,NULL,NULL),(340,'CEPILLO DE LIJAR METALICO CIRCULAR GRANDE',2,1,2,1,21,1,NULL,NULL,NULL,NULL),(341,'CEPILLO DE LIJAR METALICO CIRCULAR PEQUEO',2,1,1,1,21,1,NULL,NULL,NULL,NULL),(342,'DISCO DE LIJADO ANGULAR ',2,1,1,1,21,6,NULL,NULL,NULL,NULL),(343,'FRESA PARA LIJAR TIPO CONO',2,1,1,1,5,6,NULL,NULL,NULL,NULL),(344,'CEPILLO ALAMBRE ',1,1,1,1,1,6,NULL,NULL,NULL,NULL),(345,'PATA DE CABRA METALICA BELLOTA',1,1,2,1,22,1,NULL,NULL,NULL,NULL),(346,'SOLDADOR CAUTIN ',1,1,1,1,5,2,NULL,NULL,NULL,'MANGO AMARILLO PUNTA MUY DAADA'),(347,'CASCOS SEGURIDAD',1,1,5,1,5,2,NULL,NULL,NULL,NULL),(348,'PALA PLASTICA DE RECOGER BASURA',1,1,1,1,5,2,NULL,NULL,NULL,NULL),(349,'LINEA VIDA DE SEGURIDAD',1,1,8,1,16,2,NULL,NULL,NULL,NULL),(350,'ARNES DE SEGURIDAD',1,1,5,1,16,2,NULL,NULL,NULL,NULL),(351,'LENTES DE SEGURIDAD',2,1,1,1,5,2,NULL,NULL,NULL,NULL),(352,'TOBO DE ALBAIL GOMA',1,1,1,1,5,2,NULL,NULL,NULL,NULL),(353,'TENAZA CABILLERO',1,1,2,1,23,1,NULL,NULL,NULL,'1 MANGO VERDE, 1 SIN MANGOS'),(354,'HACHA PEQUEA',1,1,1,1,5,2,NULL,NULL,NULL,NULL),(355,'ALICATE AJUSTABLE PICO TUCAN ',1,1,1,1,5,2,NULL,NULL,NULL,NULL),(356,'PIQUETA 8\"\"',1,1,1,1,5,2,NULL,NULL,NULL,NULL),(357,'LIJADORA ORBITAL SKIL 1.4',1,3,1,1,5,2,NULL,NULL,NULL,NULL),(358,'LIJADORA ORBITAL BOSCH GSS140A',1,3,1,1,5,2,NULL,NULL,NULL,NULL),(359,'ESMERIL BOSCH 4\"\"',1,3,2,1,5,2,NULL,NULL,NULL,'UNO MALO '),(360,'MASCARILLA PRTECCION 3M',1,1,1,1,5,2,NULL,NULL,NULL,NULL),(361,'BANDEJAS PLASTICAS 9\" PARA PINTAR \"',1,1,5,1,5,2,NULL,NULL,NULL,NULL),(362,'CABLE USB PRINTER',1,2,2,1,5,1,NULL,NULL,NULL,NULL),(363,'PATCHCORD PANDUIT 2.1MTS CAT6',3,2,56,1,22,1,NULL,NULL,NULL,'NUEVOS'),(364,'PATCHCORD PANDUIT 3.05 MTS CAT6',3,2,31,1,22,1,NULL,NULL,NULL,'NUEVOS'),(365,'PATCHCORD PANDUIT 3.05 MTS CAT6 USADO',3,2,1,1,22,6,NULL,NULL,NULL,NULL),(366,'PATCHCORD PANDUIT 0.9 MTS CAT6',3,2,16,1,22,1,NULL,NULL,NULL,'NUEVOS'),(367,'FACEPLATE PANDUIT MINICOM 1POSICION',3,2,58,1,22,1,NULL,NULL,NULL,NULL),(368,'FACEPLATE PANDUIT MINICOM 2POSICION',3,2,1,1,22,1,NULL,NULL,NULL,NULL),(369,'FACEPLATE PANDUIT MINICOM 4POSICION',3,2,1,1,22,1,NULL,NULL,NULL,NULL),(370,'FACEPLATE PANDUIT NETKEY 2 POSICIONES',3,2,17,1,22,1,NULL,NULL,NULL,NULL),(371,'FACEPLATE QNET 2 POSICIONES',3,2,33,1,22,1,NULL,NULL,NULL,NULL),(372,'FACEPLATE PANDUIT MINICOM 1POSICION',3,2,40,1,22,6,NULL,NULL,NULL,NULL),(373,'FACEPLATE PANDUIT MINICOM 2POSICION',3,2,25,1,22,6,NULL,NULL,NULL,NULL),(374,'FACEPLATE PANDUIT MINICOM 4POSICION',3,2,1,1,22,6,NULL,NULL,NULL,NULL),(375,'FACEPLATE GENERICO 3POSICION',3,2,6,1,22,6,NULL,NULL,NULL,NULL),(376,'FACEPLATE GENERICO 2POSICION',3,2,4,1,22,6,NULL,NULL,NULL,NULL),(377,'COUPLER CAT6 MARCA QNET BLANCO',3,2,8,1,22,1,NULL,NULL,NULL,NULL),(378,'TAPA CIEGA QNET BLANCO',3,2,64,1,22,1,NULL,NULL,NULL,NULL),(379,'BISAGRA CAZOLETA RECTA ',3,4,18,1,5,1,NULL,NULL,NULL,NULL),(380,'PERSIANA DE PVC AZUL OSCURA',4,5,3,1,5,1,NULL,NULL,NULL,NULL),(381,'ORGANIZADOR VERTICAL FRONTBACK QNET 22U',3,2,4,1,22,1,NULL,NULL,NULL,NULL),(382,'ORGANIZADOR HORIZONTAL 1UR F/B QNET',3,2,8,1,22,1,NULL,NULL,NULL,NULL),(383,'ORGANIZADOR HORIZONTAL 2UR F/B PANDUIT',3,2,1,1,22,1,NULL,NULL,NULL,'SIN CAJA'),(384,'ORGANIZADOR HORIZONTAL 2UR FRONT PANDUIT',3,2,1,1,22,1,NULL,NULL,NULL,NULL),(385,'BASE PARA MINI SPLIT AA',3,2,1,1,22,1,NULL,NULL,NULL,NULL),(386,'CAUCHOS CARRETILLA REFORZADA NUEVAS',2,1,2,1,5,2,NULL,NULL,NULL,'RIN ROJO'),(387,'ASPIRADORA INDUSTRIAL RIDGID MODELO WD06350',1,3,1,1,7,1,NULL,'08231R0868',NULL,NULL),(388,'FILTRO ASPIRADORA RIDGID',2,1,1,1,6,1,NULL,NULL,NULL,'SIN CAJA'),(389,'PATAS PARA RACK MEDIANAS DORADAS',3,2,2,1,5,1,NULL,NULL,NULL,NULL),(390,'PATAS PARA RACK MEDIANAS NEGRAS',3,2,4,1,5,1,NULL,NULL,NULL,NULL),(391,'PATAS PEQUEAS NEGRAS CON ROSCA',3,4,8,1,5,1,NULL,NULL,NULL,NULL),(392,'AISLADORES DE ESQUINA CERCOS ELECTRICO',3,2,87,1,22,1,NULL,NULL,NULL,NULL),(393,'AISLADORES INTERMEDIOS CERCO ELECTRICO',3,2,10,1,22,1,NULL,NULL,NULL,NULL),(394,'BISAGRAS DE ALUMINIO PARA PUERTAS BAO',2,1,3,1,5,6,NULL,NULL,NULL,NULL),(395,'RAMPLUG HILTI 3/8',5,4,120,1,5,1,NULL,NULL,NULL,NULL),(396,'RAMPLUG HILTI 1/2',5,4,5,1,5,1,NULL,NULL,NULL,NULL),(397,'RAMPLUG DE EXPANSION 5/8 ',5,4,29,1,5,1,NULL,NULL,NULL,NULL),(398,'RAMPLUG DE EXPANSION 1/2',5,4,2,1,5,1,NULL,NULL,NULL,NULL),(399,'RAMPLUG DE EXPANSION 1/2 ALUMINIO',5,4,5,1,5,1,NULL,NULL,NULL,NULL),(400,'RAMPLUG DE EXPANSION 1/4 ALUMINIO',5,4,8,1,5,1,NULL,NULL,NULL,NULL),(401,'RAMPLUG MARIPOSA 3/16',5,4,219,1,5,1,NULL,NULL,NULL,NULL),(402,'RAMPLUG DRYWALL METALICO',5,4,32,1,5,1,NULL,NULL,NULL,NULL),(403,'RAMPLUG DRYWALL PLASTICO',5,4,16,1,5,1,NULL,NULL,NULL,NULL),(404,'PINZA PLASTICA MICRO',1,1,1,1,5,1,NULL,NULL,NULL,NULL),(405,'EXACTO MICRO FINO ',1,1,1,1,5,1,NULL,NULL,NULL,'BASE ALUMINIO CON ROSCA DE APRIETE SIN CUCHILLA'),(406,'PUNTA DE ESTRIA PEQUEA',2,1,5,1,5,1,NULL,NULL,NULL,NULL),(407,'PUNTA DE ESTRIA MEDIANA',2,1,3,1,5,1,NULL,NULL,NULL,NULL),(408,'PUNTA DE ESTRIA GRANDE',2,1,1,1,5,1,NULL,NULL,NULL,NULL),(409,'PUNTA DE PLANO PEQUEO',2,1,1,1,5,1,NULL,NULL,NULL,NULL),(410,'PUNTA DE PLANO GRANDE',2,1,1,1,5,1,NULL,NULL,NULL,NULL),(411,'PUNTA DE ALLEN PEQUEA',2,1,3,1,5,1,NULL,NULL,NULL,NULL),(412,'PUNTA DE ALLEN MEDIANA',2,1,1,1,5,1,NULL,NULL,NULL,NULL),(413,'CONECTOR PLUG-UTP HEMBRA',3,2,16,1,5,1,NULL,NULL,NULL,NULL),(414,'BOTA PARA RJ45 NEGRA',3,2,25,1,5,1,NULL,NULL,NULL,NULL),(415,'MANGO DE RODILLO DE 9 PULGADAS',2,4,3,1,5,1,NULL,NULL,NULL,NULL),(419,'PORTA ROLLO CROMADO TATAY',3,4,1,1,5,2,NULL,NULL,NULL,NULL),(420,'ROSETA ELEGANTE CROMADA 1/2',3,4,2,1,5,2,NULL,NULL,NULL,NULL),(421,'HOJA DE SEGUETA',2,4,5,1,5,6,NULL,NULL,NULL,NULL),(422,'LLAVE PARA HERRAJE DE WC',1,1,1,1,1,1,NULL,NULL,NULL,NULL),(423,'TENSORES DE 10',1,1,2,1,13,1,NULL,NULL,NULL,NULL),(424,'CINTA DE PAPEL PARA DRYWALL',5,4,3,1,5,2,NULL,NULL,NULL,'1 NUEVO 2 COMENZADOS'),(425,'DELANTAL DE HERRERO',1,1,1,1,9,1,NULL,NULL,NULL,NULL),(426,'GUANTES DE HERRERO',1,1,2,1,9,1,NULL,NULL,NULL,NULL),(427,'CARPA PARA LIMPIEZA DE AA',1,1,1,1,6,1,NULL,NULL,NULL,NULL),(428,'CARPETA DE ANOTACIONES TABLA',1,1,2,1,5,2,NULL,NULL,NULL,NULL),(429,'CINTA AUTOSOLDABLE 3M',5,3,1,1,5,1,NULL,NULL,NULL,NULL),(430,'REGLETA S110 50 PARES SNET',3,2,1,1,5,1,NULL,NULL,NULL,NULL),(431,'MODEM ADSL TPLINK TD8616',3,2,1,1,5,2,NULL,'14CC20A25BBD',NULL,NULL),(432,'MODEM ADSL TPLINK TLWR74IND',3,2,1,1,5,2,NULL,'12270605509',NULL,NULL),(433,'BASES CON RUEDAS ALUMINIO',1,1,1,1,9,1,NULL,NULL,NULL,NULL),(434,'RODILLERAS ALBAIL',1,1,1,1,1,1,NULL,NULL,NULL,NULL),(435,'CERRADURA DE EMBUTIR 59CM PROF VENLOCK',3,4,1,1,5,1,NULL,NULL,NULL,NULL),(436,'BROCHA CEBRA 5\"\"',5,4,1,1,5,2,NULL,NULL,NULL,NULL),(437,'BASE TIPO U PARA CERRADURA ELECTRM 700LB',3,2,1,1,5,1,NULL,NULL,NULL,NULL),(438,'ATENUADOR DE LINEA 9TAP MG ELECTRONIC',3,2,1,1,6,1,NULL,NULL,NULL,NULL),(439,'CERRADURA ELECTROMAGNETICA 300LB',3,2,1,1,22,1,NULL,NULL,NULL,NULL),(440,'CERRADURA ELECTROMAGNETICA 700LB',3,2,1,1,22,1,NULL,NULL,NULL,NULL),(441,'PUSH BUTTON DE DUCHA INDIVIDUAL FP',3,4,2,1,5,1,NULL,NULL,NULL,NULL),(442,'CAPACITOR 60MF 370V',5,2,1,1,6,1,NULL,NULL,NULL,NULL),(443,'DUCHA CROMADA WC',3,4,1,1,5,1,NULL,NULL,NULL,NULL),(444,'LECTOR DE PROXIMIDAD SIEMEN AR6181-MX',3,2,1,1,22,1,NULL,NULL,NULL,NULL),(445,'PLANTA ELECTRICA 3.5KVA CENTURION',1,3,1,1,5,2,NULL,NULL,NULL,NULL),(446,'SOLDADORA LINCON ELECTRIC AC225GLM',1,3,1,1,5,2,NULL,NULL,NULL,NULL),(447,'TOLDO 3X2 VERDE',1,1,1,1,24,1,NULL,NULL,NULL,NULL),(448,'BORNE BRONCE 5/8 PARA BARRA DE TIERRA',5,3,9,1,5,1,NULL,NULL,NULL,NULL),(449,'PERRO BIMETALICO KSU 26 ',5,3,8,1,5,1,NULL,NULL,NULL,NULL),(450,'PERRO BRONCE KS26',5,3,1,1,5,1,NULL,NULL,NULL,NULL),(451,'TORNILLO GANCHO 2\"\"',5,4,6,1,5,1,NULL,NULL,NULL,NULL),(452,'TORNILLO GANCHO 1\"\"',5,4,10,1,5,1,NULL,NULL,NULL,NULL),(453,'TORNILLO GANCHO 1/2\"\"',5,4,3,1,5,1,NULL,NULL,NULL,NULL),(454,'CONECTOR RJ45 MACHO CAT6',5,2,114,1,5,1,NULL,NULL,NULL,NULL),(455,'ABRAZADERA TIPO PERRO #6',5,4,19,1,5,1,NULL,NULL,NULL,NULL),(456,'ABRAZADERA TIPO PERRO 3/8',5,4,11,1,5,1,NULL,NULL,NULL,NULL),(457,'BARRA PARA AISLADOR DE ESQUINA',5,2,16,1,5,1,NULL,NULL,NULL,NULL),(458,'HEBILLA PARA FLEJE DE 1/2 METALICO',5,4,273,1,5,1,NULL,NULL,NULL,NULL),(459,'TORNILLO CON APRIETE PARA FLEJE AUTOMATICO',5,4,23,1,5,1,NULL,NULL,NULL,NULL),(460,'TERMINAL BRONCE NARANJA YC25L12',5,3,11,1,5,1,NULL,NULL,NULL,NULL),(461,'U PROTECTOR CABLE O GUAYA ALUMINIO',5,3,24,1,5,1,NULL,NULL,NULL,NULL),(462,'PINZA DE FIJACION PARA BREAKER',5,3,72,1,5,1,NULL,NULL,NULL,NULL),(463,'GALLETA PARA REGLETA S110',5,2,29,1,5,1,NULL,NULL,NULL,NULL),(464,'CONVERTIDOR DVI A VGA',3,2,2,1,5,1,NULL,NULL,NULL,NULL),(465,'CORTADOR DE VIDRIO ',1,1,1,1,5,1,NULL,NULL,NULL,NULL),(466,'PICO DE MANGUERA ',1,1,1,1,5,1,NULL,NULL,NULL,NULL),(467,'CAJETIN SUPERFICIAL TELEFONICO',5,2,1,1,5,1,NULL,NULL,NULL,NULL),(468,'CONECTORES AUDIO VARIOS',5,2,1,1,5,1,NULL,NULL,NULL,NULL),(469,'CONECTOR DB25 CON TAPA',5,2,1,1,5,1,NULL,NULL,NULL,NULL),(470,'CONECTOR DB9 CON TAPA',5,2,1,1,5,1,NULL,NULL,NULL,NULL),(471,'CONECTOR XLM HEMBRA',5,2,4,1,5,1,NULL,NULL,NULL,NULL),(472,'CONECTOR VGA A VGA',5,2,2,1,5,1,NULL,NULL,NULL,NULL),(473,'CONECTOR RG A RG',5,2,2,1,5,1,NULL,NULL,NULL,NULL),(474,'PONCHADORA MANUAL PARA REGLETA S110',1,2,1,1,5,2,NULL,NULL,NULL,NULL),(475,'CUCHILLA PARA EXACTO EXTENSIBLE GDE',2,4,2,1,5,2,NULL,NULL,NULL,NULL),(476,'CUCHILLA PARA EXACTO EXTENSIBLE PEQ',2,4,11,1,5,2,NULL,NULL,NULL,NULL),(477,'HOJA PARA CUCHILLA  FIJA',2,4,4,1,5,2,NULL,NULL,NULL,NULL),(478,'CUCHILLA PARA EXACTO FINO',2,4,5,1,5,2,NULL,NULL,NULL,NULL),(479,'MANGUERAS VERDES 25MTS',1,1,2,1,5,2,NULL,NULL,NULL,NULL),(480,'HIDROJET KARCHER AMARILLO 1800',1,3,1,1,7,2,NULL,NULL,NULL,NULL),(481,'UPS TRIPLITE SMART3000VS',4,6,1,1,5,2,NULL,'2212JY0SM672600101',NULL,NULL),(482,'UPS AVTEK 250VA',4,6,1,1,5,2,NULL,'80823189',NULL,NULL),(483,'MANGUERA DE NIVEL TRANSPARENTE 11MTS',1,1,1,1,8,1,NULL,NULL,NULL,NULL),(484,'MANGUERA DE NIVEL TRANSPARENTE 06MTS',1,1,1,1,8,1,NULL,NULL,NULL,NULL),(485,'FLEJE METALICO DE 1/2 PARA FLEJADORA',5,4,3,1,1,1,NULL,NULL,NULL,NULL),(486,'FLEJE METALICO AJUSTABLE 1MTS 3/4 PARA TORNILLOS',5,4,20,1,1,1,NULL,NULL,NULL,NULL),(487,'ABRAZADERA AJUSTABLE 7MM - 127MM',5,4,11,1,1,1,NULL,NULL,NULL,NULL),(488,'GUAYA DE TENSION METALICA',5,4,12,2,1,1,NULL,NULL,NULL,NULL),(489,'DRENADORA RIDGID K50',1,3,1,1,7,1,NULL,NULL,NULL,NULL),(490,'KIT MALETIN PARA FIBRA OPTICA',1,2,1,1,5,2,NULL,NULL,NULL,NULL),(491,'4 FLUKE DE CERTIFICACION UTP CAT6',1,2,1,1,5,2,NULL,NULL,NULL,NULL),(492,'TOMAS DE PARED NEMA 125/240 16AMP',5,3,4,1,5,1,NULL,NULL,NULL,NULL),(493,'SWITCH SENCILLO BASICO HUBELL PALANCA',5,3,2,1,5,1,NULL,NULL,NULL,NULL),(494,'SWITCH SENCILLO BASICO LEVITON BLANCO',5,3,1,1,5,1,NULL,NULL,NULL,NULL),(495,'ENCHUFE HEMBRA MARCA HUBELL L520',5,3,1,1,5,1,NULL,NULL,NULL,NULL),(496,'ENCHUFE HEMBRA MARCA LEVITON L630',5,3,1,1,5,1,NULL,NULL,NULL,NULL),(497,'REGLETA MULTITOMA ELECTRICA 6 TOMAS',1,3,6,1,25,1,NULL,NULL,NULL,NULL),(498,'CAJA DE PASO 4X4X3/4 OCTOGONAL',5,3,31,1,26,1,NULL,NULL,NULL,NULL),(499,'CAJA DE PASO 4X4X3/4 CUADRADA',5,3,44,1,26,1,NULL,NULL,NULL,NULL),(500,'CAJA DE PASO 5X5X1 CUADRADA',5,3,14,1,26,1,NULL,NULL,NULL,NULL),(501,'CAJA DE PASO 4X2X1/2',5,3,44,1,26,1,NULL,NULL,NULL,NULL),(502,'CAJA DE PASO 4X2X3/4',5,3,18,1,26,1,NULL,NULL,NULL,NULL),(503,'CAJA CONDULET TIPO C 3/4',5,3,3,1,27,1,NULL,NULL,NULL,NULL),(504,'CAJA CONDULET TIPO C 1/2',5,3,1,1,27,1,NULL,NULL,NULL,NULL),(505,'CAJA CONDULET TIPO C 1',5,3,3,1,27,1,NULL,NULL,NULL,NULL),(506,'CAJA CONDULET TIPO LR 3/4',5,3,1,1,27,1,NULL,NULL,NULL,NULL),(507,'CAJA CONDULET TIPO LB 1/2',5,3,1,1,27,1,NULL,NULL,NULL,NULL),(508,'CAJA CONDULET TIPO FC 1',5,3,1,1,27,1,NULL,NULL,NULL,NULL),(509,'CAJA CONDULET TIPO FC 3/4',5,3,4,1,27,1,NULL,NULL,NULL,NULL),(510,'PONCHO DE LLUVIA PARA PINTAR AMARIILO',1,1,1,1,6,1,NULL,NULL,NULL,NULL),(511,'PONCHO DE LLUVIA PARA PINTAR NARANJA',1,1,1,1,6,1,NULL,NULL,NULL,NULL),(512,'PUENTES RGB',5,2,22,1,5,1,NULL,NULL,NULL,NULL),(513,'CONECTOR LC 50/125 PANDUIT',5,2,6,1,5,1,NULL,NULL,NULL,NULL),(514,'CONECTOR SC SSNTE',5,2,4,1,5,1,NULL,NULL,NULL,NULL),(515,'CONECTOR LC SSNTE',5,2,7,1,5,1,NULL,NULL,NULL,NULL),(516,'PATCH CORD FIBRA LC-LC 3MTS 50/125 SYSTIMAX',5,2,1,1,5,1,NULL,NULL,NULL,NULL),(517,'PATCHCORD FIBRA LC-LC 1.5MTS 50/125 FURUKAWA',5,2,1,1,5,1,NULL,NULL,NULL,NULL),(518,'BOLSA CON VARIOS DE FIBRA OPTICA',5,2,1,1,5,1,NULL,NULL,NULL,NULL),(519,'HERRAMIENTA DE EXTRACCION COUPLER PANDUIT',1,2,5,1,5,1,NULL,NULL,NULL,NULL),(520,'ABRAZADERA MOROCHA 3/4',5,3,144,1,27,1,NULL,NULL,NULL,NULL),(521,'ABRAZADERA MOROCHA 1/2',5,3,54,1,27,1,NULL,NULL,NULL,NULL),(522,'ABRAZADERA MOROCHA 2\"\"',5,3,62,1,27,1,NULL,NULL,NULL,NULL),(523,'ABRAZADERA EMT 1 OREJA 1 1/2',5,3,15,1,27,1,NULL,NULL,NULL,NULL),(524,'ABRAZADERA EMT 2 OREJAS 2\"\"',5,3,17,1,27,1,NULL,NULL,NULL,NULL),(525,'ABRAZADERA EMT 1 OREJAS 2\"\"',5,3,14,1,27,1,NULL,NULL,NULL,NULL),(526,'ABRAZADERA EMT 2 OREJAS 1\"\"',5,3,21,1,27,1,NULL,NULL,NULL,NULL),(527,'ABRAZADERA EMT 1 OREJAS 1\"\"',5,3,12,1,27,1,NULL,NULL,NULL,NULL),(528,'ABRAZADERA EMT 1 OREJAS 1/2\"\"',5,3,8,1,27,1,NULL,NULL,NULL,NULL),(529,'ABRAZADERA EMT 2 OREJAS 1/2\"\"',5,3,3,1,27,1,NULL,NULL,NULL,NULL),(530,'ABRAZADERA EMT 1 OREJAS 3/4\"\"',5,3,15,1,27,1,NULL,NULL,NULL,NULL),(531,'TAPA CIEGA EMT 4X2',5,3,40,1,27,1,NULL,NULL,NULL,NULL),(532,'TAPA CIEGA EMT 8X8',5,3,1,1,27,1,NULL,NULL,NULL,NULL),(533,'TAPA CIEGA EMT 4X4',5,3,85,1,27,1,NULL,NULL,NULL,NULL),(534,'TAPA CIEGA EMT 5X5',5,3,5,1,27,1,NULL,NULL,NULL,NULL),(535,'TAPA CIEGA EMT 6X6',5,3,6,1,27,1,NULL,NULL,NULL,NULL),(536,'TAPA CONVERTIDORA DE 4X4 A 4X2',5,3,5,1,27,1,NULL,NULL,NULL,NULL),(537,'TAPA CONVERTIDORA DE 5X5 A 4X2',5,3,5,1,27,1,NULL,NULL,NULL,NULL),(538,'CONECTOR MACHO PVC 1\"\"',5,4,17,1,27,1,NULL,NULL,NULL,NULL),(539,'CONECTOR MACHO PVC 3/4\"\"',5,4,2,1,27,1,NULL,NULL,NULL,NULL),(540,'CONECTOR HEMBRA PVC 1\"\"',5,4,13,1,27,1,NULL,NULL,NULL,NULL),(541,'CONECTOR HEMBRA PVC 1 1/2\"\"',5,4,3,1,27,1,NULL,NULL,NULL,NULL),(542,'CONECTOR HEMBRA PVC 3/4\"\"',5,4,2,1,27,1,NULL,NULL,NULL,NULL),(543,'T PVC 2\"\"',5,4,2,1,27,1,NULL,NULL,NULL,NULL),(544,'T PVC 1 1/2\"\"',5,4,1,1,27,1,NULL,NULL,NULL,NULL),(545,'T PVC 1\"\"',5,4,1,1,27,1,NULL,NULL,NULL,NULL),(546,'T PVC 3/4\"\"',5,4,2,1,27,1,NULL,NULL,NULL,NULL),(547,'T PVC 1/2\"\"',5,4,2,1,27,1,NULL,NULL,NULL,NULL),(548,'CODO 90 PVC 1 1/2\"\"',5,4,2,1,27,1,NULL,NULL,NULL,NULL),(549,'CODO 90 PVC 1\"\"',5,4,8,1,27,1,NULL,NULL,NULL,NULL),(550,'CODO 90 PVC 2\"\"',5,4,1,1,27,1,NULL,NULL,NULL,NULL),(551,'CODO 90 PVC 1/2\"\"',5,4,4,1,27,1,NULL,NULL,NULL,NULL),(552,'CODO 90 PVC 3/4\"\"',5,4,5,1,27,1,NULL,NULL,NULL,NULL),(553,'CODO 45PVC 3/4\"\"',5,4,2,1,27,1,NULL,NULL,NULL,NULL),(554,'TAPON PVC 1\"\"',5,4,12,1,27,1,NULL,NULL,NULL,NULL),(555,'ANILLO PVC 1/2\"\"',5,4,3,1,27,1,NULL,NULL,NULL,NULL),(556,'ANILLO PVC 3/4\"\"',5,4,25,1,27,1,NULL,NULL,NULL,NULL),(557,'ANILLO PVC 1\"\"',5,4,1,1,27,1,NULL,NULL,NULL,NULL),(558,'ANILLO PVC 2\"\"',5,4,2,1,27,1,NULL,NULL,NULL,NULL),(559,'ANILLO PVC 1 1/2\"\"',5,4,4,1,27,1,NULL,NULL,NULL,NULL),(560,'CONVERTIDOR PVC 1 A 3/4',5,4,6,1,27,1,NULL,NULL,NULL,NULL),(561,'CONVERTIDOR PVC 1 1/4 A 1',5,4,1,1,27,1,NULL,NULL,NULL,NULL),(562,'CONVERTIDOR PVC 1 1/4 A 2 MACHO',5,4,2,1,27,1,NULL,NULL,NULL,NULL),(563,'CONVERTIDOR PVC 1 1/2 A 1',5,4,3,1,27,1,NULL,NULL,NULL,NULL),(564,'CONVERTIDOR PVC 2 A 3/4',5,4,1,1,27,1,NULL,NULL,NULL,NULL),(565,'CONVERTIDOR PVC 2 A 1 1/2',5,4,1,1,27,1,NULL,NULL,NULL,NULL),(566,'ANILLO LISO 25X25 TERMOFUSION',5,4,13,1,19,1,NULL,NULL,NULL,NULL),(567,'ANILLO LISO 32X32 TERMOFUSION',5,4,4,1,19,1,NULL,NULL,NULL,NULL),(568,'CODO 90 LISO 25X25 TERMOFUSION',5,4,6,1,19,1,NULL,NULL,NULL,NULL),(569,'CODO 90 LISO 32X32 TERMOFUSION',5,4,3,1,19,1,NULL,NULL,NULL,NULL),(570,'CODO 90 ROSCA MACHO 32X1 TERMOFUSION',5,4,2,1,19,1,NULL,NULL,NULL,NULL),(571,'CODO 45 LISO 25X25 TERMOFUSION',5,4,4,1,19,1,NULL,NULL,NULL,NULL),(572,'CODO 45 LISO 20X20 TERMOFUSION',5,4,2,1,19,1,NULL,NULL,NULL,NULL),(573,'CODO 45 LISO 32X32 TERMOFUSION',5,4,3,1,19,1,NULL,NULL,NULL,NULL),(574,'T LISA 25X25 TERMOFUSION',5,4,6,1,19,1,NULL,NULL,NULL,NULL),(575,'T LISA 32X32 TERMOFUSION',5,4,2,1,19,1,NULL,NULL,NULL,NULL),(576,'ADAPTADOR HEMBRA 20X1/2 TERMOFUSION',5,4,2,1,19,1,NULL,NULL,NULL,NULL),(577,'ADAPTADOR HEMBRA 25X3/4 TERMOFUSION',5,4,2,1,19,1,NULL,NULL,NULL,NULL),(578,'ADAPTADOR MACHO 32X1 TERMOFUSION',5,4,2,1,19,1,NULL,NULL,NULL,NULL),(579,'ADAPTADOR MACHO 25X3/4 TERMOFUSION',5,4,3,1,19,1,NULL,NULL,NULL,NULL),(580,'REDUCTOR LISO 32X25 TERMOFUSION',5,4,2,1,19,1,NULL,NULL,NULL,NULL),(581,'TAPON LISO 32 TERMOFUSION',5,4,2,1,19,1,NULL,NULL,NULL,NULL),(582,'UNION LISA 32 TERMOFUSION',5,4,1,1,19,1,NULL,NULL,NULL,NULL),(583,'PINZA PEQUEA PICO RECTO ',1,1,1,1,4,1,NULL,NULL,NULL,NULL),(584,'PINZA PEQUEA PICO CURVO',1,1,1,1,4,1,NULL,NULL,NULL,NULL),(585,'SILLAS PLASTICAS BLANCAS MANAPLAS',6,5,5,1,28,1,NULL,NULL,NULL,NULL),(586,'BARRICADA DE SEGURIDAD CON BASES',1,1,4,1,3,1,NULL,NULL,NULL,NULL),(587,'PICO GRANDE CON CABO',1,1,4,1,3,1,NULL,NULL,NULL,'3 PICO CON CABO, 1 PICO SIN CABO'),(588,'CONO DE SEGURIDAD MEDIANO',1,1,4,1,7,1,NULL,NULL,NULL,NULL),(589,'CONO DE SEGURIDAD PEQUEO ',1,1,1,1,7,1,NULL,NULL,NULL,NULL),(590,'DOBLA TUBO EMT 1/2 RIDGID',1,1,1,1,1,1,NULL,NULL,NULL,'CON TUBO DE EXTENSION'),(591,'RASTRILLO CON CABO',1,1,1,1,3,1,NULL,NULL,NULL,NULL),(592,'CABLE VGA 5MTS (M-H)',5,2,3,1,26,1,NULL,NULL,NULL,NULL),(593,'CABLE VGA 3MTS (M-H)',5,2,2,1,26,1,NULL,NULL,NULL,NULL),(594,'CABLE DVI-VGA 5MTS',5,2,1,1,26,1,NULL,NULL,NULL,NULL),(595,'CABLE DVI-VGA 1.5MTS',5,2,1,1,26,1,NULL,NULL,NULL,NULL),(596,'CABLE EXTENSION DE VIDEO VGA 15MTS (M-M)',5,2,2,1,26,1,NULL,NULL,NULL,NULL),(597,'BALUM EXTENSOR VIDEO VGA - RJ45 KEYDIGITAL',5,2,2,1,26,1,NULL,NULL,NULL,'2 SIN FUENTES DE PODER, '),(598,'CABLE EXTENSION 0.5MTS DE RG58',5,2,3,1,26,1,NULL,NULL,NULL,NULL),(599,'CABLE CONVERTIDOR VGA-RGB',5,2,1,1,26,1,NULL,NULL,NULL,NULL),(600,'ROSETA SLOAN MODELO F-2-AT',3,4,2,1,29,1,NULL,NULL,NULL,'EN SU BOLSA'),(601,'ROSETA GBELT  1/2',3,4,3,1,29,1,NULL,NULL,NULL,'EN SU ESTUCHE'),(602,'ROSETAS VARIAS GENERICAS',3,4,8,1,29,1,NULL,NULL,NULL,'ROSETAS VARIAS, 4 PEQUENAS, 2 MEDIANAS , 2 GRANDES'),(603,'EXTENSION DESAGUE TUBO 1 1/4 X10\" CROMADA\"',3,4,2,1,29,1,NULL,NULL,NULL,NULL),(604,'EXTENSION DESAGUE TUBO 1 1/2 X10\" CROMADA\"',3,4,2,1,29,1,NULL,NULL,NULL,NULL),(605,'EXTENSION DESAGUE TUBO 1 1/4 X12\" CROMADA\"',3,4,1,1,29,1,NULL,NULL,NULL,NULL),(606,'EXTENSION DESAGUE TUBO 1 1/2 X5\" CROMADA\"',3,4,2,1,29,1,NULL,NULL,NULL,NULL),(607,'EXTENSION DESAGUE TUBO 1 1/4 X7\" PLASTICA\"',3,4,1,1,29,1,NULL,NULL,NULL,NULL),(608,'GOMA REDUCTORA LAVAMANOS DE 2 A 1 1/4',3,4,1,1,29,1,NULL,NULL,NULL,NULL),(609,'GOMA REDUCTORA 4\" A 3\"\"\"',3,4,2,1,29,1,NULL,NULL,NULL,NULL),(610,'DESAGUE AUTOMATICO NORKLI LAVAMANO CROMADO',3,4,1,1,29,1,NULL,NULL,NULL,NULL),(611,'EXTENSION DESAGUE LAVAPLATO DOBLE ',3,4,2,1,29,1,NULL,NULL,NULL,NULL),(612,'TUBO EXTENSION DUCHA CROMADA',3,4,2,1,29,1,NULL,NULL,NULL,NULL),(613,'LLAVE DE PASO 3/4 FP',3,4,1,1,29,1,NULL,NULL,NULL,NULL),(614,'ANILLO CONDUIT TUBERIA 3/4',5,4,10,1,30,1,NULL,NULL,NULL,NULL),(615,'ANILLO GALVANIZADO 1 1/2',5,4,1,1,30,1,NULL,NULL,NULL,NULL),(616,'ANILLO REDUCTOR GALVANIZADO 2X1',5,4,2,1,30,1,NULL,NULL,NULL,NULL),(617,'NIPLE 10CM DE 1/2',5,4,1,1,30,1,NULL,NULL,NULL,NULL),(618,'NIPLE 4CM DE 3/4',5,4,8,1,30,1,NULL,NULL,NULL,NULL),(619,'NIPLE 5CM DE 3/4',5,4,1,1,30,1,NULL,NULL,NULL,NULL),(620,'NIPLE 10CM DE 3/4',5,4,1,1,30,1,NULL,NULL,NULL,NULL),(621,'NIPLE 3CM DE 1',5,4,2,1,30,1,NULL,NULL,NULL,NULL),(622,'NIPLE 4CM DE 1  ',5,4,2,1,30,1,NULL,NULL,NULL,NULL),(623,'NIPLE 10CM DE 1',5,4,1,1,30,1,NULL,NULL,NULL,NULL),(624,'NIPLE 13CM DE 1',5,4,2,1,30,1,NULL,NULL,NULL,NULL),(625,'NIPLE 15CM DE 1',5,4,3,1,30,1,NULL,NULL,NULL,NULL),(626,'NIPLE 4CM DE 1 1/2',5,4,2,1,30,1,NULL,NULL,NULL,NULL),(627,'NIPLE 5CM DE 2',5,4,1,1,30,1,NULL,NULL,NULL,NULL),(628,'NIPLE 8CM DE 2',5,4,1,1,30,1,NULL,NULL,NULL,NULL),(629,'TAPON GALVANIZADO MACHO 2\"\"',5,4,3,1,30,1,NULL,NULL,NULL,NULL),(630,'TAPON GALVANIZADO HEMBRA 2\"\"',5,4,1,1,30,1,NULL,NULL,NULL,NULL),(631,'TAPON GALVANIZADO MACHO 11/2\"\"',5,4,1,1,30,1,NULL,NULL,NULL,NULL),(632,'TAPON GALVANIZADO MACHO 1\"\"',5,4,4,1,30,1,NULL,NULL,NULL,NULL),(633,'TAPON GALVANIZADO HEMBRA 1\"\"',5,4,2,1,30,1,NULL,NULL,NULL,NULL),(634,'TAPON GALVANIZADO HEMBRA 3/4\"\"',5,4,1,1,30,1,NULL,NULL,NULL,NULL),(635,'TAPON GALVANIZADO MACHO 1/2\"\"',5,4,1,1,30,1,NULL,NULL,NULL,NULL),(636,'CODO GALVANIZADO 45 DE 1\"\"',5,4,2,1,30,1,NULL,NULL,NULL,NULL),(637,'CODO GALVANIZADO 45 DE 11/2\"\"',5,4,2,1,30,1,NULL,NULL,NULL,NULL),(638,'CODO GALVANIZADO 45 DE 2\"\"',5,4,1,1,30,1,NULL,NULL,NULL,NULL),(639,'CODO REDUCTOR DE 1 A 3/4',5,4,1,1,30,1,NULL,NULL,NULL,NULL),(640,'JUNTA DREE GALVANIZADA DE 1 1/2\"\"',5,4,1,1,30,1,NULL,NULL,NULL,NULL),(641,'JUNTA DREE GALVANIZADA DE 2\"\"',5,4,1,1,30,1,NULL,NULL,NULL,NULL),(642,'T GALAVANIZADA DE 1\"\"',5,4,1,1,30,1,NULL,NULL,NULL,NULL),(643,'T GALAVANIZADA DE 2\"\"',5,4,1,1,30,1,NULL,NULL,NULL,NULL),(644,'JUNTA UNIVERSAL GALVANIZADA DE 1\"\"',5,4,2,1,30,1,NULL,NULL,NULL,NULL),(645,'CODO PVC 90X2',5,4,5,1,31,1,NULL,NULL,NULL,NULL),(646,'CODO PVC 45X2',5,4,3,1,31,1,NULL,NULL,NULL,NULL),(647,'CODO PVC 90X3',5,4,2,1,31,1,NULL,NULL,NULL,NULL),(648,'ANILLO PVC DE 4 A 2',5,4,6,1,31,1,NULL,NULL,NULL,NULL),(649,'ANILLO PVC DE 4 A 3',5,4,1,1,31,1,NULL,NULL,NULL,NULL),(650,'ANILLO PVC DE 3 A 2',5,4,2,1,31,1,NULL,NULL,NULL,NULL),(651,'Y PVC DE 3\"\"',5,4,2,1,31,1,NULL,NULL,NULL,NULL),(652,'TAPON PVC SIMPLE MACHO2\"\"',5,4,3,1,31,1,NULL,NULL,NULL,NULL),(653,'TAPON PVC SIMPLE HEMBRA2\"\"',5,4,1,1,31,1,NULL,NULL,NULL,NULL),(654,'TAPON PVC DE REGISTRO DE 3\"\"',5,4,3,1,31,1,NULL,NULL,NULL,NULL),(655,'TAPON PVC DE REGISTRO DE 4\"\"',5,4,1,1,31,1,NULL,NULL,NULL,NULL),(656,'BOQUILLA PVC 3\"\"',5,4,2,1,31,1,NULL,NULL,NULL,NULL),(657,'ANILLO EMT DE 1/2',3,4,78,1,32,1,NULL,NULL,NULL,NULL),(658,'ANILLO EMT DE 3/4',3,4,142,1,32,1,NULL,NULL,NULL,NULL),(659,'ANILLO EMT 1',3,4,55,1,33,1,NULL,NULL,NULL,NULL),(660,'ANILLO EMT 2',3,4,2,1,33,1,NULL,NULL,NULL,NULL),(661,'CONECTOR EMT DE 1/2 ',3,4,8,1,32,1,NULL,NULL,NULL,NULL),(662,'CONECTOR EMT DE 3/4',3,4,111,1,32,1,NULL,NULL,NULL,NULL),(663,'CONECTOR EMT CURVO DE 1/2',3,4,6,1,32,1,NULL,NULL,NULL,NULL),(664,'CONECTOR EMT CURVO DE 3/4',3,4,1,1,32,1,NULL,NULL,NULL,NULL),(665,'CONECTOR PVC DE 1/2',3,4,18,1,32,1,NULL,NULL,NULL,NULL),(666,'CONECTOR EMT DE 1 ',3,4,19,1,33,1,NULL,NULL,NULL,NULL),(667,'CONECTOR EMT DE 2',3,4,7,1,33,1,NULL,NULL,NULL,NULL),(668,'CONECTOR EMT DE 11/2',3,4,2,1,33,1,NULL,NULL,NULL,NULL),(669,'CONECTOR RECTO LIQUID TIGH 3/4',3,4,34,1,34,1,NULL,NULL,NULL,NULL),(670,'CONECTOR RECTO LIQUID TIGH 1',3,4,24,1,34,1,NULL,NULL,NULL,NULL),(671,'CONECTOR CURVO LIQUID TIGHT 3/4',3,4,19,1,34,1,NULL,NULL,NULL,NULL),(672,'EXTINTOR DE CO2 20LBS',3,2,8,1,7,1,NULL,NULL,NULL,'POR RECARGAR'),(673,'EXTINTOR DE PQC 10LBS',3,2,1,1,7,1,NULL,NULL,NULL,'POR RECARGAR'),(674,'EXTINTOR DE PQC 5LBS',3,2,2,1,7,1,NULL,NULL,NULL,'POR RECARGAR'),(675,'CAJA DE PASO 7X7X4',3,4,8,1,5,1,NULL,NULL,NULL,NULL),(676,'TABLERO ELECTRICO RESIDENCIAL BTICINO 08C',3,4,1,1,5,1,NULL,NULL,NULL,NULL),(677,'COMPRESOR DE AIRE 6LTS 1 HP MAUTE',1,3,1,1,7,2,NULL,NULL,NULL,NULL);
/*!40000 ALTER TABLE `items` ENABLE KEYS */;
UNLOCK TABLES;

--
-- Table structure for table `modalidad_ingreso`
--

DROP TABLE IF EXISTS `modalidad_ingreso`;
/*!40101 SET @saved_cs_client     = @@character_set_client */;
/*!50503 SET character_set_client = utf8mb4 */;
CREATE TABLE `modalidad_ingreso` (
  `id_modalidad` int NOT NULL AUTO_INCREMENT,
  `nombre` varchar(45) NOT NULL,
  PRIMARY KEY (`id_modalidad`),
  UNIQUE KEY `id_modalidad_UNIQUE` (`id_modalidad`)
) ENGINE=InnoDB DEFAULT CHARSET=utf8mb4 COLLATE=utf8mb4_0900_ai_ci;
/*!40101 SET character_set_client = @saved_cs_client */;

--
-- Dumping data for table `modalidad_ingreso`
--

LOCK TABLES `modalidad_ingreso` WRITE;
/*!40000 ALTER TABLE `modalidad_ingreso` DISABLE KEYS */;
/*!40000 ALTER TABLE `modalidad_ingreso` ENABLE KEYS */;
UNLOCK TABLES;

--
-- Table structure for table `subcategorias`
--

DROP TABLE IF EXISTS `subcategorias`;
/*!40101 SET @saved_cs_client     = @@character_set_client */;
/*!50503 SET character_set_client = utf8mb4 */;
CREATE TABLE `subcategorias` (
  `id_subcategoria` int NOT NULL AUTO_INCREMENT,
  `nombre` varchar(45) NOT NULL,
  PRIMARY KEY (`id_subcategoria`),
  UNIQUE KEY `id_subcategoria_UNIQUE` (`id_subcategoria`)
) ENGINE=InnoDB AUTO_INCREMENT=7 DEFAULT CHARSET=utf8mb4 COLLATE=utf8mb4_0900_ai_ci;
/*!40101 SET character_set_client = @saved_cs_client */;

--
-- Dumping data for table `subcategorias`
--

LOCK TABLES `subcategorias` WRITE;
/*!40000 ALTER TABLE `subcategorias` DISABLE KEYS */;
INSERT INTO `subcategorias` VALUES (1,'Manual'),(2,'Técnica'),(3,'Eléctrica'),(4,'Civil'),(5,'Oficina'),(6,'Electrónico');
/*!40000 ALTER TABLE `subcategorias` ENABLE KEYS */;
UNLOCK TABLES;

--
-- Table structure for table `ubicaciones`
--

DROP TABLE IF EXISTS `ubicaciones`;
/*!40101 SET @saved_cs_client     = @@character_set_client */;
/*!50503 SET character_set_client = utf8mb4 */;
CREATE TABLE `ubicaciones` (
  `id_ubicacion` int NOT NULL AUTO_INCREMENT,
  `nombre` varchar(45) NOT NULL,
  PRIMARY KEY (`id_ubicacion`),
  UNIQUE KEY `id_ubicacion_UNIQUE` (`id_ubicacion`)
) ENGINE=InnoDB AUTO_INCREMENT=68 DEFAULT CHARSET=utf8mb4 COLLATE=utf8mb4_0900_ai_ci;
/*!40101 SET character_set_client = @saved_cs_client */;

--
-- Dumping data for table `ubicaciones`
--

LOCK TABLES `ubicaciones` WRITE;
/*!40000 ALTER TABLE `ubicaciones` DISABLE KEYS */;
INSERT INTO `ubicaciones` VALUES (1,'Tabla'),(2,'Caja azul clara #1'),(3,'Pared Inferior'),(4,'CAJATECH'),(5,'Indefinido'),(6,'Cajon Gris'),(7,'Área superior'),(8,'Estante'),(9,'Mesa de trabajo superior'),(10,'caja gris #3 tabla'),(11,'Caja de herramientas azul MS'),(12,'Caja herramienta metálica estante'),(13,'Caja gris #1 tabla'),(14,'Caja blanca #2 tabla'),(15,'Caja azul #1'),(16,'Mesa trabajo inferior'),(17,'Caja azul clara #2'),(18,'Caja azul #2'),(19,'Caja blanca #1 tabla'),(20,'Pared inferior barra'),(21,'Cesta azul #1'),(22,'Repisa palas'),(23,'Caja gris #2 tabla'),(24,'Pared'),(25,'Cesta azul #3'),(26,'Caja cartón'),(27,'Cuñete'),(28,'Oficina'),(29,'Caja blanca accesorios sanitarios'),(30,'Cuñete conexiones galvanizadas'),(31,'Cuñete conexiones PVC'),(32,'CB conexión EMT'),(33,'Cuñete conexión EMT'),(34,'Cuñete conex Liquidtight');
/*!40000 ALTER TABLE `ubicaciones` ENABLE KEYS */;
UNLOCK TABLES;

--
-- Table structure for table `unidades`
--

DROP TABLE IF EXISTS `unidades`;
/*!40101 SET @saved_cs_client     = @@character_set_client */;
/*!50503 SET character_set_client = utf8mb4 */;
CREATE TABLE `unidades` (
  `id_unidad` int NOT NULL AUTO_INCREMENT,
  `nombre` varchar(45) NOT NULL,
  PRIMARY KEY (`id_unidad`),
  UNIQUE KEY `id_unidad_UNIQUE` (`id_unidad`)
) ENGINE=InnoDB AUTO_INCREMENT=3 DEFAULT CHARSET=utf8mb4 COLLATE=utf8mb4_0900_ai_ci;
/*!40101 SET character_set_client = @saved_cs_client */;

--
-- Dumping data for table `unidades`
--

LOCK TABLES `unidades` WRITE;
/*!40000 ALTER TABLE `unidades` DISABLE KEYS */;
INSERT INTO `unidades` VALUES (1,'Unidad(es)'),(2,'Metro(s)');
/*!40000 ALTER TABLE `unidades` ENABLE KEYS */;
UNLOCK TABLES;
/*!40103 SET TIME_ZONE=@OLD_TIME_ZONE */;

/*!40101 SET SQL_MODE=@OLD_SQL_MODE */;
/*!40014 SET FOREIGN_KEY_CHECKS=@OLD_FOREIGN_KEY_CHECKS */;
/*!40014 SET UNIQUE_CHECKS=@OLD_UNIQUE_CHECKS */;
/*!40101 SET CHARACTER_SET_CLIENT=@OLD_CHARACTER_SET_CLIENT */;
/*!40101 SET CHARACTER_SET_RESULTS=@OLD_CHARACTER_SET_RESULTS */;
/*!40101 SET COLLATION_CONNECTION=@OLD_COLLATION_CONNECTION */;
/*!40111 SET SQL_NOTES=@OLD_SQL_NOTES */;

-- Dump completed on 2020-10-21 17:01:20
